0,0,-0.10472
0.001,-0.00066,0.10472
0.002,0,0
0.003,-0.00066,0.10472
0.004,-0.00066,0
0.005,0,0
0.006,0.00132,0
0.007,0.00132,0
0.008,0.00198,0
0.009,0.00264,0
0.01,0.0033,-0.10472
0.011,0.00396,0
0.012,0.00594,0
0.013,0.00726,0
0.014,0.00792,0
0.015,0.00858,-0.10472
0.016,0.00924,0
0.017,0.01056,0
0.018,0.01188,0
0.019,0.01386,0.10472
0.02,0.0132,0.314159
0.021,0.01452,0.942478
0.022,0.01518,1.67552
0.023,0.01584,2.61799
0.024,0.01782,4.18879
0.025,0.01782,5.75959
0.026,0.01914,7.64454
0.027,0.0198,9.5295
0.028,0.02046,11.4145
0.029,0.02112,13.5088
0.03,0.02178,15.6032
0.031,0.02244,17.8024
0.032,0.02376,20.1062
0.033,0.0264,22.41
0.034,0.02706,25.028
0.035,0.02772,27.8555
0.036,0.02904,30.5782
0.037,0.0297,33.8245
0.038,0.03168,36.9661
0.039,0.03234,40.3171
0.04,0.033,43.6681
0.041,0.03366,47.0192
0.042,0.03432,50.3702
0.043,0.03498,53.7212
0.044,0.03564,57.0723
0.045,0.0363,60.4233
0.046,0.03696,63.7743
0.047,0.03564,67.2301
0.048,0.03564,70.267
0.049,0.03432,73.9321
0.05,0.0396,77.3879
0.051,0.0462,81.5767
0.052,0.0462,86.3938
0.053,0.04818,90.8967
0.054,0.04554,95.1903
0.055,0.04818,99.5885
0.056,0.05082,104.091
0.057,0.04818,108.699
0.058,0.05082,113.307
0.059,0.05346,118.333
0.06,0.05082,123.15
0.061,0.05214,128.177
0.062,0.05412,133.413
0.063,0.05214,138.858
0.064,0.05676,144.409
0.065,0.05478,150.168
0.066,0.05808,155.299
0.067,0.05874,161.373
0.068,0.05874,167.447
0.069,0.06072,173.416
0.07,0.05874,179.28
0.071,0.06006,184.83
0.072,0.06336,190.485
0.073,0.06072,195.198
0.074,0.06402,201.795
0.075,0.06204,207.45
0.076,0.06732,213.419
0.077,0.06468,219.702
0.078,0.06402,225.985
0.079,0.07062,232.687
0.08,0.06798,239.18
0.081,0.0693,245.882
0.082,0.07062,252.479
0.083,0.07062,259.391
0.084,0.07062,266.302
0.085,0.06996,272.9
0.086,0.07326,278.764
0.087,0.0759,284.628
0.088,0.07524,290.597
0.089,0.07458,296.462
0.09,0.07194,303.164
0.091,0.0726,309.97
0.092,0.07326,316.882
0.093,0.07458,324.108
0.094,0.07788,331.752
0.095,0.07656,338.873
0.096,0.07854,343.69
0.097,0.0792,350.078
0.098,0.07986,356.466
0.099,0.0792,363.063
0.1,0.07986,370.184
0.101,0.07854,377.41
0.102,0.0792,385.159
0.103,0.07986,392.909
0.104,0.0792,399.296
0.105,0.08448,404.532
0.106,0.08316,410.816
0.107,0.08184,417.099
0.108,0.08052,424.324
0.109,0.08118,431.655
0.11,0.08712,439.823
0.111,0.08316,447.572
0.112,0.08184,452.704
0.113,0.0858,458.673
0.114,0.08316,464.851
0.115,0.0825,472.077
0.116,0.08646,479.826
0.117,0.08316,488.203
0.118,0.08316,494.906
0.119,0.08778,499.618
0.12,0.08514,504.644
0.121,0.08382,511.661
0.122,0.08382,518.991
0.123,0.08976,527.159
0.124,0.08514,535.327
0.125,0.08382,539.307
0.126,0.08382,544.857
0.127,0.08382,552.606
0.128,0.08382,560.355
0.129,0.08448,568
0.13,0.08448,572.608
0.131,0.08448,577.215
0.132,0.08316,583.498
0.133,0.0858,590.619
0.134,0.08844,598.264
0.135,0.08514,606.223
0.136,0.08316,610.411
0.137,0.08184,614.496
0.138,0.08184,621.093
0.139,0.08118,629.052
0.14,0.08184,636.696
0.141,0.08382,639.209
0.142,0.0825,644.131
0.143,0.08316,651.252
0.144,0.0858,658.478
0.145,0.08316,665.808
0.146,0.08316,669.159
0.147,0.0825,675.547
0.148,0.08184,681.935
0.149,0.08052,688.428
0.15,0.08118,692.931
0.151,0.0792,694.92
0.152,0.07854,701.413
0.153,0.07854,708.115
0.154,0.07854,715.55
0.155,0.07854,718.168
0.156,0.07788,721.624
0.157,0.0759,728.012
0.158,0.0759,735.761
0.159,0.07392,738.17
0.16,0.07194,740.473
0.161,0.07128,745.29
0.162,0.07062,750.108
0.163,0.06996,754.925
0.164,0.0693,759.742
0.165,0.06996,764.664
0.166,0.07128,770.737
0.167,0.07194,776.811
0.168,0.06996,780.057
0.169,0.06864,783.199
0.17,0.06666,789.482
0.171,0.06402,794.404
0.172,0.06336,794.823
0.173,0.06072,799.221
0.174,0.06006,805.923
0.175,0.0627,809.065
0.176,0.06006,808.541
0.177,0.05478,813.568
0.178,0.05676,819.118
0.179,0.05346,822.469
0.18,0.05412,821.945
0.181,0.05676,825.925
0.182,0.05346,832.313
0.183,0.0528,832.417
0.184,0.04818,833.15
0.185,0.04818,837.444
0.186,0.05214,842.785
0.187,0.04884,842.785
0.188,0.0462,842.785
0.189,0.0429,847.916
0.19,0.04488,851.057
0.191,0.04488,848.23
0.192,0.03894,851.476
0.193,0.03828,855.351
0.194,0.03696,856.608
0.195,0.04158,854.199
0.196,0.03564,856.922
0.197,0.03366,860.901
0.198,0.03366,857.864
0.199,0.03366,858.493
0.2,0.03366,860.901
0.201,0.0297,863.938
0.202,0.03036,859.854
0.203,0.02904,860.273
0.204,0.03036,864.147
0.205,0.02838,862.786
0.206,0.02442,859.435
0.207,0.02508,861.634
0.208,0.02508,863.833
0.209,0.02178,860.901
0.21,0.01914,858.074
0.211,0.01716,860.273
0.212,0.01716,858.702
0.213,0.01716,857.131
0.214,0.01716,855.56
0.215,0.01716,853.99
0.216,0.01716,852.419
0.217,0.01716,850.848
0.218,0.01716,849.277
0.219,0.01716,847.706
0.22,0.01716,846.136
0.221,0.0165,844.46
0.222,0.01584,845.298
0.223,0.01518,846.031
0.224,0.01386,840.062
0.225,0.00594,838.282
0.226,0.0066,837.13
0.227,0.00726,836.083
0.228,0.00264,828.647
0.229,0,827.496
0.23,0.00066,826.972
0.231,0.0033,823.307
0.232,-0.00066,816.186
0.233,-0.00264,813.882
0.234,-0.00594,813.044
0.235,-0.00528,805.923
0.236,-0.00858,799.745
0.237,-0.0099,798.383
0.238,-0.01056,797.022
0.239,-0.00792,788.854
0.24,-0.01122,780.686
0.241,-0.01122,780.686
0.242,-0.01518,774.507
0.243,-0.01518,774.507
0.244,-0.02046,758.066
0.245,-0.02112,753.459
0.246,-0.02244,749.793
0.247,-0.02244,749.793
0.248,-0.02376,732.41
0.249,-0.0231,726.65
0.25,-0.02376,722.357
0.251,-0.02178,716.074
0.252,-0.02376,703.507
0.253,-0.02574,697.015
0.254,-0.02772,690.732
0.255,-0.02706,685.286
0.256,-0.02706,676.594
0.257,-0.03102,667.065
0.258,-0.03432,657.535
0.259,-0.03564,651.357
0.26,-0.03696,645.178
0.261,-0.03564,631.879
0.262,-0.04224,622.245
0.263,-0.04224,614.496
0.264,-0.04092,606.956
0.265,-0.04158,599.939
0.266,-0.04092,588.106
0.267,-0.04554,575.54
0.268,-0.04818,566.639
0.269,-0.05148,558.366
0.27,-0.04554,549.988
0.271,-0.04818,541.506
0.272,-0.04884,525.903
0.273,-0.05676,515.745
0.274,-0.05082,506.111
0.275,-0.05544,496.686
0.276,-0.05478,488.099
0.277,-0.05544,476.894
0.278,-0.05544,465.689
0.279,-0.05676,453.332
0.28,-0.05874,443.174
0.281,-0.06468,433.226
0.282,-0.06666,423.696
0.283,-0.05874,413.538
0.284,-0.06204,404.009
0.285,-0.06204,390.5
0.286,-0.066,377.41
0.287,-0.07194,366.729
0.288,-0.0726,355.838
0.289,-0.07326,344.947
0.29,-0.07326,334.265
0.291,-0.07062,323.898
0.292,-0.07062,313.322
0.293,-0.0693,302.954
0.294,-0.07062,291.33
0.295,-0.07524,278.45
0.296,-0.07854,267.14
0.297,-0.07656,256.04
0.298,-0.07524,245.044
0.299,-0.08184,234.153
0.3,-0.0792,223.367
0.301,-0.07722,212.581
0.302,-0.08382,201.69
0.303,-0.07986,190.904
0.304,-0.08316,180.537
0.305,-0.07854,169.96
0.306,-0.0858,159.593
0.307,-0.08052,148.283
0.308,-0.08382,139.487
0.309,-0.08316,126.92
0.31,-0.08118,116.448
0.311,-0.0858,106.814
0.312,-0.08448,96.1327
0.313,-0.0825,85.2419
0.314,-0.0825,75.5029
0.315,-0.08778,65.9734
0.316,-0.08646,56.1298
0.317,-0.08448,45.972
0.318,-0.0825,35.8142
0.319,-0.0825,26.2847
0.32,-0.08316,17.3835
0.321,-0.08316,8.37758
0.322,-0.08316,-0.10472
0.323,-0.08448,-8.27286
0.324,-0.08514,-16.5457
0.325,-0.08514,-24.7139
0.326,-0.0858,-32.7773
0.327,-0.08514,-40.8407
0.328,-0.08448,-49.1136
0.329,-0.08184,-57.0723
0.33,-0.08118,-64.0885
0.331,-0.08118,-71
0.332,-0.08316,-78.4351
0.333,-0.08052,-86.0796
0.334,-0.07788,-93.6195
0.335,-0.07986,-100.217
0.336,-0.08118,-107.442
0.337,-0.07854,-114.249
0.338,-0.0759,-121.056
0.339,-0.07722,-127.968
0.34,-0.07458,-134.984
0.341,-0.0759,-139.696
0.342,-0.07194,-145.665
0.343,-0.07128,-151.215
0.344,-0.06996,-156.87
0.345,-0.0693,-162.63
0.346,-0.06798,-168.285
0.347,-0.06468,-174.149
0.348,-0.06534,-179.804
0.349,-0.06468,-185.354
0.35,-0.06204,-190.485
0.351,-0.0627,-195.617
0.352,-0.06072,-200.224
0.353,-0.05874,-204.832
0.354,-0.05676,-209.544
0.355,-0.05808,-213.838
0.356,-0.05742,-218.341
0.357,-0.05478,-222.32
0.358,-0.0528,-226.299
0.359,-0.0528,-230.593
0.36,-0.04884,-234.468
0.361,-0.04686,-238.133
0.362,-0.04686,-242.007
0.363,-0.04224,-245.673
0.364,-0.0429,-248.814
0.365,-0.04158,-251.642
0.366,-0.03828,-254.155
0.367,-0.03696,-256.563
0.368,-0.03432,-258.867
0.369,-0.03366,-260.962
0.37,-0.03432,-262.742
0.371,-0.03168,-264.103
0.372,-0.03036,-265.674
0.373,-0.0297,-267.035
0.374,-0.02772,-269.025
0.375,-0.02706,-270.701
0.376,-0.02376,-272.167
0.377,-0.0231,-272.9
0.378,-0.02244,-273.528
0.379,-0.02112,-273.528
0.38,-0.02046,-273.528
0.381,-0.01716,-273.423
0.382,-0.01716,-273.109
0.383,-0.01386,-272.69
0.384,-0.01452,-271.957
0.385,-0.01452,-271.643
0.386,-0.01386,-272.167
0.387,-0.0132,-272.376
0.388,-0.0132,-272.167
0.389,-0.0099,-271.538
0.39,-0.01056,-270.596
0.391,-0.00858,-269.653
0.392,-0.0066,-268.711
0.393,-0.00528,-267.35
0.394,-0.00396,-265.988
0.395,-0.00132,-263.789
0.396,-0.00198,-262.114
0.397,0,-260.333
0.398,0.00198,-258.658
0.399,0.00264,-256.668
0.4,0.00396,-254.26
0.401,0.00396,-251.537
0.402,0.00858,-248.081
0.403,0.01122,-244.416
0.404,0.01254,-240.751
0.405,0.01716,-236.352
0.406,0.0198,-232.268
0.407,0.0198,-227.242
0.408,0.02442,-221.901
0.409,0.02706,-216.456
0.41,0.02706,-211.324
0.411,0.0297,-206.193
0.412,0.03234,-200.643
0.413,0.03366,-194.465
0.414,0.0363,-188.077
0.415,0.03828,-181.06
0.416,0.0396,-174.149
0.417,0.03894,-167.028
0.418,0.04224,-159.907
0.419,0.04356,-152.158
0.42,0.04488,-144.513
0.421,0.04488,-136.45
0.422,0.04488,-128.386
0.423,0.04488,-120.323
0.424,0.04488,-112.26
0.425,0.04488,-104.196
0.426,0.04488,-96.1327
0.427,0.04488,-88.0693
0.428,0.0462,-80.2153
0.429,0.04818,-72.4661
0.43,0.05148,-65.031
0.431,0.0627,-57.3864
0.432,0.0627,-48.4852
0.433,0.0627,-38.9557
0.434,0.066,-29.7404
0.435,0.06666,-20.4204
0.436,0.06732,-11.1003
0.437,0.06996,-1.67552
0.438,0.07062,7.53982
0.439,0.0726,16.5457
0.44,0.07392,25.6563
0.441,0.07524,34.5575
0.442,0.0759,43.354
0.443,0.07854,52.2552
0.444,0.07986,60.9469
0.445,0.08052,69.5339
0.446,0.0792,78.1209
0.447,0.08184,86.9174
0.448,0.08382,95.7139
0.449,0.08184,105.243
0.45,0.08382,114.145
0.451,0.08514,123.046
0.452,0.08514,131.842
0.453,0.0858,140.534
0.454,0.08646,149.54
0.455,0.08646,158.441
0.456,0.09108,166.923
0.457,0.08712,174.882
0.458,0.09042,182.736
0.459,0.09174,191.218
0.46,0.0924,199.701
0.461,0.08844,208.183
0.462,0.09042,217.084
0.463,0.0924,225.881
0.464,0.0891,234.677
0.465,0.08976,243.473
0.466,0.09306,252.689
0.467,0.09108,261.276
0.468,0.08976,269.758
0.469,0.08844,276.355
0.47,0.08976,285.152
0.471,0.09108,292.378
0.472,0.08778,300.336
0.473,0.08976,308.504
0.474,0.08712,316.568
0.475,0.08646,324.736
0.476,0.0858,333.114
0.477,0.0858,341.491
0.478,0.08316,348.926
0.479,0.08382,354.476
0.48,0.08316,361.178
0.481,0.08514,367.776
0.482,0.07986,375.211
0.483,0.08316,382.541
0.484,0.08052,389.872
0.485,0.08382,397.83
0.486,0.07986,405.265
0.487,0.07722,410.187
0.488,0.0759,415.737
0.489,0.07458,421.288
0.49,0.07656,427.78
0.491,0.07194,434.273
0.492,0.0693,441.289
0.493,0.07062,447.886
0.494,0.066,451.552
0.495,0.06666,455.531
0.496,0.066,459.72
0.497,0.06138,465.06
0.498,0.06072,470.087
0.499,0.06138,475.742
0.5,0.05742,481.292
0.501,0.05346,484.329
0.502,0.05808,486.947
0.503,0.05148,490.088
0.504,0.05016,494.068
0.505,0.04818,498.571
0.506,0.04752,503.283
0.507,0.0462,505.587
0.508,0.04356,506.32
0.509,0.04488,508.31
0.51,0.0363,511.451
0.511,0.03828,514.174
0.512,0.0363,518.049
0.513,0.03762,520.562
0.514,0.03168,520.667
0.515,0.03036,520.248
0.516,0.0264,521.819
0.517,0.02442,524.122
0.518,0.0231,526.321
0.519,0.0231,526.845
0.52,0.02046,524.437
0.521,0.01914,523.18
0.522,0.0165,523.494
0.523,0.01254,523.494
0.524,0.01122,524.332
0.525,0.01188,524.541
0.526,0.01122,521.4
0.527,0.00726,517.944
0.528,0.00462,516.583
0.529,0.0066,515.85
0.53,0.00528,513.022
0.531,0.00396,510.195
0.532,0.00264,507.367
0.533,0.00132,504.749
0.534,-0.0033,502.76
0.535,-0.00396,500.246
0.536,-0.00066,498.675
0.537,-0.00594,495.953
0.538,-0.01056,493.23
0.539,-0.01188,486.004
0.54,-0.01386,481.501
0.541,-0.01782,477.208
0.542,-0.02178,473.543
0.543,-0.02112,469.459
0.544,-0.02574,464.432
0.545,-0.0297,455.531
0.546,-0.02772,447.258
0.547,-0.03234,440.87
0.548,-0.03432,434.168
0.549,-0.03828,427.571
0.55,-0.03696,421.183
0.551,-0.0363,413.748
0.552,-0.04224,405.37
0.553,-0.04224,393.956
0.554,-0.04422,384.95
0.555,-0.04554,376.049
0.556,-0.04884,367.776
0.557,-0.05016,359.084
0.558,-0.05082,350.497
0.559,-0.05082,340.758
0.56,-0.05412,332.59
0.561,-0.05214,319.395
0.562,-0.0561,308.609
0.563,-0.0594,297.928
0.564,-0.066,287.142
0.565,-0.06468,276.67
0.566,-0.066,265.988
0.567,-0.0627,255.202
0.568,-0.06798,244.625
0.569,-0.0726,234.049
0.57,-0.06732,222.739
0.571,-0.0726,211.22
0.572,-0.07392,201.9
0.573,-0.07458,187.134
0.574,-0.07722,175.301
0.575,-0.07524,163.677
0.576,-0.0792,152.053
0.577,-0.07854,140.115
0.578,-0.07854,128.282
0.579,-0.0858,116.972
0.58,-0.08382,105.662
0.581,-0.08316,94.4572
0.582,-0.0858,83.4616
0.583,-0.08778,72.0472
0.584,-0.08712,60.6327
0.585,-0.08646,49.1136
0.586,-0.08646,38.0133
0.587,-0.08646,27.646
0.588,-0.08778,17.174
0.589,-0.08844,6.80678
0.59,-0.08976,-3.45575
0.591,-0.08976,-13.5088
0.592,-0.0891,-22.9336
0.593,-0.09108,-32.3584
0.594,-0.09042,-41.7832
0.595,-0.09174,-50.8938
0.596,-0.09108,-60.4233
0.597,-0.09108,-69.8481
0.598,-0.0891,-78.4351
0.599,-0.08976,-86.6032
0.6,-0.09174,-94.7714
0.601,-0.08778,-102.94
0.602,-0.08514,-111.212
0.603,-0.08778,-118.647
0.604,-0.0858,-126.92
0.605,-0.08382,-134.46
0.606,-0.0858,-141.476
0.607,-0.07986,-148.911
0.608,-0.08118,-155.614
0.609,-0.0792,-162.944
0.61,-0.0792,-169.646
0.611,-0.0759,-176.348
0.612,-0.07656,-181.375
0.613,-0.07326,-187.344
0.614,-0.07524,-193.417
0.615,-0.0726,-199.491
0.616,-0.07392,-205.879
0.617,-0.07062,-212.267
0.618,-0.06732,-218.55
0.619,-0.066,-224.205
0.62,-0.06468,-229.86
0.621,-0.06204,-234.991
0.622,-0.06006,-239.913
0.623,-0.05544,-244.73
0.624,-0.05214,-248.919
0.625,-0.05214,-252.375
0.626,-0.05214,-255.726
0.627,-0.04818,-259.181
0.628,-0.04554,-262.532
0.629,-0.0396,-265.674
0.63,-0.03696,-269.025
0.631,-0.03696,-271.748
0.632,-0.03234,-274.261
0.633,-0.03102,-275.937
0.634,-0.02706,-277.298
0.635,-0.02508,-278.24
0.636,-0.02574,-278.869
0.637,-0.0198,-279.392
0.638,-0.01914,-280.021
0.639,-0.01452,-279.183
0.64,-0.01452,-278.869
0.641,-0.01518,-279.183
0.642,-0.01122,-279.497
0.643,-0.01122,-279.183
0.644,-0.00792,-278.24
0.645,-0.0066,-276.984
0.646,-0.0066,-275.832
0.647,-0.00462,-274.156
0.648,-0.00264,-272.481
0.649,0,-270.805
0.65,0.00132,-268.083
0.651,0.00132,-265.674
0.652,0.0066,-263.37
0.653,0.0099,-261.171
0.654,0.01188,-258.239
0.655,0.01386,-254.993
0.656,0.01848,-250.804
0.657,0.0231,-246.196
0.658,0.02508,-240.96
0.659,0.03168,-235.41
0.66,0.03234,-228.917
0.661,0.033,-222.425
0.662,0.03696,-217.189
0.663,0.04224,-208.811
0.664,0.04422,-201.376
0.665,0.0462,-193.522
0.666,0.04884,-185.982
0.667,0.05148,-177.919
0.668,0.05412,-169.227
0.669,0.05544,-160.117
0.67,0.05742,-150.901
0.671,0.05808,-141.476
0.672,0.06006,-131.842
0.673,0.06336,-122.313
0.674,0.06336,-112.469
0.675,0.066,-102.416
0.676,0.0693,-92.4675
0.677,0.06864,-81.7861
0.678,0.06864,-71.2094
0.679,0.07128,-60.2139
0.68,0.07392,-49.323
0.681,0.07392,-38.4322
0.682,0.07722,-28.0649
0.683,0.07986,-16.9646
0.684,0.08184,-6.07375
0.685,0.08316,4.81711
0.686,0.08448,15.2891
0.687,0.0858,25.7611
0.688,0.08646,36.1283
0.689,0.08646,46.3909
0.69,0.0858,56.6534
0.691,0.08778,67.0206
0.692,0.09042,77.0737
0.693,0.09306,87.3363
0.694,0.0924,97.2847
0.695,0.09108,106.919
0.696,0.09438,116.239
0.697,0.09504,126.083
0.698,0.0957,135.926
0.699,0.0957,145.665
0.7,0.09504,155.195
0.701,0.09438,164.724
0.702,0.0924,174.044
0.703,0.09504,182.841
0.704,0.09108,191.532
0.705,0.09438,199.91
0.706,0.09174,209.23
0.707,0.0924,218.655
0.708,0.09108,226.928
0.709,0.0891,235.096
0.71,0.0891,242.426
0.711,0.0891,252.165
0.712,0.08844,259.391
0.713,0.08514,267.14
0.714,0.0858,274.994
0.715,0.08778,282.639
0.716,0.08184,290.388
0.717,0.0792,297.928
0.718,0.07656,305.363
0.719,0.0759,313.007
0.72,0.0726,319.395
0.721,0.06996,323.584
0.722,0.06798,329.763
0.723,0.06468,334.475
0.724,0.0627,340.13
0.725,0.06006,345.366
0.726,0.05874,350.602
0.727,0.05544,355.838
0.728,0.05346,361.178
0.729,0.0495,365.577
0.73,0.04554,368.195
0.731,0.04752,370.498
0.732,0.04554,373.431
0.733,0.04422,376.258
0.734,0.03894,379.295
0.735,0.0396,382.541
0.736,0.03366,385.788
0.737,0.0297,387.254
0.738,0.0264,388.72
0.739,0.02442,388.72
0.74,0.0231,388.51
0.741,0.0165,389.243
0.742,0.01716,389.348
0.743,0.01188,388.929
0.744,0.01254,389.139
0.745,0.00858,388.929
0.746,0.00726,388.301
0.747,0.00462,384.95
0.748,0.00198,381.599
0.749,0.00132,379.4
0.75,-0.00198,377.305
0.751,-0.00132,375.42
0.752,-0.00462,373.745
0.753,-0.00594,371.65
0.754,-0.00924,368.299
0.755,-0.01188,363.482
0.756,-0.01518,357.618
0.757,-0.01914,352.906
0.758,-0.0231,348.298
0.759,-0.02442,343.167
0.76,-0.02904,337.512
0.761,-0.03366,332.066
0.762,-0.03762,325.783
0.763,-0.04092,318.243
0.764,-0.04752,310.18
0.765,-0.05082,299.708
0.766,-0.05214,289.76
0.767,-0.05478,280.23
0.768,-0.05676,270.701
0.769,-0.05676,260.647
0.77,-0.05742,250.804
0.771,-0.05874,240.96
0.772,-0.06468,231.116
0.773,-0.06468,220.435
0.774,-0.06732,209.754
0.775,-0.07062,198.234
0.776,-0.07128,189.019
0.777,-0.0726,175.72
0.778,-0.07392,162.525
0.779,-0.07854,150.273
0.78,-0.0792,137.811
0.781,-0.08052,125.35
0.782,-0.0858,112.993
0.783,-0.08382,100.217
0.784,-0.08316,88.0693
0.785,-0.08712,75.3982
0.786,-0.09108,63.3555
0.787,-0.09042,50.7891
0.788,-0.0891,38.851
0.789,-0.08778,27.0177
0.79,-0.0891,15.8127
0.791,-0.09042,4.81711
0.792,-0.09174,-6.07375
0.793,-0.09372,-16.441
0.794,-0.09438,-26.913
0.795,-0.0957,-36.8614
0.796,-0.09768,-47.438
0.797,-0.0957,-57.5959
0.798,-0.09438,-67.7537
0.799,-0.0924,-77.4926
0.8,-0.09438,-86.708
0.801,-0.09438,-96.028
0.802,-0.0924,-105.139
0.803,-0.08778,-113.935
0.804,-0.09174,-122.313
0.805,-0.08976,-131.423
0.806,-0.08844,-140.115
0.807,-0.08646,-148.178
0.808,-0.08514,-156.137
0.809,-0.0858,-164.096
0.81,-0.08052,-171.636
0.811,-0.0792,-176.976
0.812,-0.07326,-183.364
0.813,-0.07392,-189.647
0.814,-0.07062,-195.721
0.815,-0.06666,-202.004
0.816,-0.06402,-207.659
0.817,-0.06072,-213.314
0.818,-0.05874,-218.655
0.819,-0.05544,-223.263
0.82,-0.05346,-227.661
0.821,-0.05478,-231.431
0.822,-0.05082,-235.096
0.823,-0.0462,-238.761
0.824,-0.04422,-242.007
0.825,-0.04026,-244.625
0.826,-0.0363,-246.824
0.827,-0.033,-248.814
0.828,-0.03036,-250.699
0.829,-0.02904,-253.003
0.83,-0.02244,-254.888
0.831,-0.02376,-256.04
0.832,-0.01914,-256.668
0.833,-0.01452,-256.878
0.834,-0.01056,-256.459
0.835,-0.00726,-255.516
0.836,-0.0066,-254.26
0.837,-0.00462,-252.689
0.838,-0.00264,-251.223
0.839,0,-249.233
0.84,0,-247.139
0.841,0.00198,-245.044
0.842,0.0066,-243.264
0.843,0.00792,-240.646
0.844,0.01188,-237.609
0.845,0.01716,-233.944
0.846,0.01914,-229.755
0.847,0.0264,-224.31
0.848,0.03366,-218.969
0.849,0.03366,-212.895
0.85,0.03828,-206.193
0.851,0.04818,-198.968
0.852,0.0495,-191.742
0.853,0.05544,-182.108
0.854,0.0561,-172.892
0.855,0.06204,-163.468
0.856,0.06072,-153.833
0.857,0.06666,-144.094
0.858,0.06666,-133.727
0.859,0.07128,-122.941
0.86,0.0726,-111.736
0.861,0.07392,-100.531
0.862,0.07458,-89.326
0.863,0.07524,-78.4351
0.864,0.0759,-67.5442
0.865,0.07656,-56.6534
0.866,0.07722,-45.7625
0.867,0.07788,-34.8717
0.868,0.07854,-23.9808
0.869,0.0792,-13.09
0.87,0.07854,-1.98968
0.871,0.0792,8.27286
0.872,0.0825,18.0118
0.873,0.09372,27.7507
0.874,0.09438,39.0605
0.875,0.09504,50.7891
0.876,0.0957,61.8894
0.877,0.09834,73.3038
0.878,0.09768,84.4041
0.879,0.09438,95.295
0.88,0.09438,105.662
0.881,0.09768,116.239
0.882,0.09438,126.92
0.883,0.09438,137.183
0.884,0.0957,147.131
0.885,0.0924,156.556
0.886,0.09438,165.771
0.887,0.09438,175.091
0.888,0.09438,184.411
0.889,0.08844,193.208
0.89,0.08844,200.852
0.891,0.08448,208.288
0.892,0.0825,217.189
0.893,0.08052,225.147
0.894,0.07722,231.954
0.895,0.07326,238.552
0.896,0.0759,245.149
0.897,0.07194,251.746
0.898,0.06864,258.344
0.899,0.06534,264.417
0.9,0.06468,270.596
0.901,0.0561,276.67
0.902,0.05346,281.696
0.903,0.05148,285.78
0.904,0.04554,288.817
0.905,0.04356,291.645
0.906,0.03828,293.948
0.907,0.03762,296.252
0.908,0.03366,298.661
0.909,0.02772,300.965
0.91,0.02244,302.64
0.911,0.02244,304.001
0.912,0.0198,305.572
0.913,0.01584,306.201
0.914,0.01188,306.201
0.915,0.01056,304.316
0.916,0.00924,302.326
0.917,0.00528,300.755
0.918,0.00132,299.289
0.919,-0.00066,297.509
0.92,-0.00198,295.833
0.921,-0.00066,293.948
0.922,-0.00726,292.168
0.923,-0.01122,289.655
0.924,-0.01782,285.78
0.925,-0.02112,280.23
0.926,-0.02376,274.785
0.927,-0.02838,268.501
0.928,-0.033,262.323
0.929,-0.04224,254.993
0.93,-0.05082,247.767
0.931,-0.05214,239.494
0.932,-0.0528,231.326
0.933,-0.05544,222.425
0.934,-0.05808,213.524
0.935,-0.0627,203.785
0.936,-0.06732,194.046
0.937,-0.06468,183.05
0.938,-0.07326,172.473
0.939,-0.0726,161.164
0.94,-0.0792,147.445
0.941,-0.0792,135.298
0.942,-0.0825,122.732
0.943,-0.08514,110.27
0.944,-0.08382,97.3894
0.945,-0.08712,84.4041
0.946,-0.09108,71.8378
0.947,-0.09042,58.7478
0.948,-0.09042,45.6578
0.949,-0.08844,32.5678
0.95,-0.09042,20.6298
0.951,-0.09174,8.37758
0.952,-0.09438,-3.45575
0.953,-0.09504,-15.3938
0.954,-0.09636,-26.913
0.955,-0.09636,-38.0133
0.956,-0.09768,-48.9041
0.957,-0.09702,-59.4808
0.958,-0.09636,-70.0575
0.959,-0.0957,-80.6342
0.96,-0.0957,-91.3156
0.961,-0.09636,-101.055
0.962,-0.09702,-110.794
0.963,-0.09768,-120.532
0.964,-0.09834,-130.271
0.965,-0.099,-140.115
0.966,-0.0924,-149.54
0.967,-0.0858,-158.965
0.968,-0.07986,-168.494
0.969,-0.08316,-174.568
0.97,-0.07986,-181.375
0.971,-0.07062,-188.077
0.972,-0.06732,-193.941
0.973,-0.06468,-199.805
0.974,-0.06204,-205.46
0.975,-0.05544,-210.591
0.976,-0.05412,-215.199
0.977,-0.05082,-219.283
0.978,-0.04422,-222.844
0.979,-0.04158,-225.776
0.98,-0.03762,-228.708
0.981,-0.03564,-230.907
0.982,-0.033,-233.106
0.983,-0.03036,-234.991
0.984,-0.0231,-236.038
0.985,-0.02046,-236.981
0.986,-0.01782,-237.295
0.987,-0.0132,-237.4
0.988,-0.00924,-237.4
0.989,-0.00792,-236.667
0.99,-0.00462,-235.619
0.991,-0.00066,-234.153
0.992,0.00132,-231.85
0.993,0.00264,-229.65
0.994,0.00462,-226.823
0.995,0.0066,-224.1
0.996,0.01188,-220.749
0.997,0.02112,-217.712
0.998,0.02772,-212.372
0.999,0.03366,-207.136
1,0.03828,-201.062
1.001,0.0462,-194.36
1.002,0.05412,-187.658
1.003,0.05742,-179.28
1.004,0.0594,-169.227
1.005,0.06138,-159.174
1.006,0.06336,-149.121
1.007,0.06534,-139.068
1.008,0.066,-129.224
1.009,0.06666,-118.962
1.01,0.06732,-108.699
1.011,0.06798,-98.4366
1.012,0.0693,-88.174
1.013,0.06666,-77.4926
1.014,0.08052,-66.1829
1.015,0.09174,-54.2448
1.016,0.09372,-41.3643
1.017,0.09504,-27.8555
1.018,0.09306,-14.556
1.019,0.09504,-1.46608
1.02,0.09636,11.205
1.021,0.09702,23.8761
1.022,0.09702,35.3953
1.023,0.09702,47.5428
1.024,0.09504,59.0619
1.025,0.0957,70.7906
1.026,0.09702,82.3097
1.027,0.09636,93.41
1.028,0.09636,104.51
1.029,0.09372,114.878
1.03,0.0957,124.826
1.031,0.09108,134.774
1.032,0.08844,144.409
1.033,0.0858,153.414
1.034,0.08316,162.316
1.035,0.08316,170.379
1.036,0.07722,178.338
1.037,0.07854,185.354
1.038,0.07194,192.161
1.039,0.07062,198.549
1.04,0.06732,205.565
1.041,0.066,212.162
1.042,0.06402,217.503
1.043,0.0594,223.158
1.044,0.05412,228.184
1.045,0.05082,233.211
1.046,0.04752,236.562
1.047,0.04158,239.704
1.048,0.03828,242.426
1.049,0.03498,245.149
1.05,0.02706,247.243
1.051,0.02772,248.919
1.052,0.02112,250.49
1.053,0.01452,251.432
1.054,0.01056,251.537
1.055,0.00792,250.594
1.056,0.00462,249.442
1.057,0.00198,247.348
1.058,0,245.254
1.059,-0.00198,242.531
1.06,-0.00396,240.018
1.061,-0.01386,237.295
1.062,-0.01848,233.525
1.063,-0.0264,229.336
1.064,-0.03498,224.205
1.065,-0.04026,218.131
1.066,-0.04488,211.534
1.067,-0.05346,204.204
1.068,-0.05544,195.826
1.069,-0.0627,186.296
1.07,-0.06534,176.243
1.071,-0.06666,167.552
1.072,-0.06996,154.043
1.073,-0.07392,143.152
1.074,-0.07656,131.109
1.075,-0.08052,119.59
1.076,-0.08052,107.338
1.077,-0.08514,94.5619
1.078,-0.0891,81.8908
1.079,-0.09108,68.8009
1.08,-0.0891,55.8156
1.081,-0.09108,42.6209
1.082,-0.0924,29.531
1.083,-0.09306,17.0693
1.084,-0.0957,4.60767
1.085,-0.09768,-8.27286
1.086,-0.09834,-20.3156
1.087,-0.09834,-32.3584
1.088,-0.09834,-44.2965
1.089,-0.099,-55.7109
1.09,-0.10032,-67.2301
1.091,-0.10098,-78.7493
1.092,-0.09702,-89.6401
1.093,-0.09636,-100.322
1.094,-0.09768,-110.27
1.095,-0.09438,-120.009
1.096,-0.09306,-129.329
1.097,-0.09174,-138.649
1.098,-0.08514,-148.388
1.099,-0.08382,-156.556
1.1,-0.07458,-164.829
1.101,-0.07458,-171.426
1.102,-0.07128,-176.243
1.103,-0.0693,-183.05
1.104,-0.0627,-188.914
1.105,-0.06138,-194.15
1.106,-0.0561,-199.386
1.107,-0.05082,-204.518
1.108,-0.04488,-208.602
1.109,-0.04158,-212.267
1.11,-0.03762,-215.094
1.111,-0.02442,-217.503
1.112,-0.02376,-217.608
1.113,-0.0231,-217.712
1.114,-0.02244,-217.817
1.115,-0.02178,-217.922
1.116,-0.02112,-218.027
1.117,-0.02046,-218.131
1.118,-0.0198,-218.236
1.119,-0.01914,-218.341
1.12,-0.01848,-218.445
1.121,-0.01782,-218.55
1.122,-0.01716,-218.445
1.123,-0.01518,-218.341
1.124,-0.0132,-218.236
1.125,-0.01188,-218.027
1.126,-0.00132,-216.351
1.127,0.00924,-214.675
1.128,0.02046,-212.895
1.129,0.02112,-208.288
1.13,0.04158,-203.052
1.131,0.066,-195.931
1.132,0.06798,-187.029
1.133,0.07722,-175.091
1.134,0.0792,-162.944
1.135,0.08118,-150.796
1.136,0.0825,-138.544
1.137,0.08448,-126.501
1.138,0.08316,-113.726
1.139,0.08514,-100.845
1.14,0.08976,-87.7552
1.141,0.09636,-74.4557
1.142,0.09504,-60.2139
1.143,0.0924,-45.972
1.144,0.09438,-32.4631
1.145,0.09636,-19.1637
1.146,0.09768,-5.86431
1.147,0.09768,7.01622
1.148,0.09768,19.792
1.149,0.09636,32.0442
1.15,0.09504,44.1917
1.151,0.09504,56.0251
1.152,0.09504,67.7537
1.153,0.09504,76.969
1.154,0.09504,86.1844
1.155,0.09504,95.3997
1.156,0.09504,104.615
1.157,0.09504,113.83
1.158,0.09504,123.046
1.159,0.09504,132.261
1.16,0.09504,141.476
1.161,0.09504,150.692
1.162,0.09504,159.907
1.163,0.09504,169.122
1.164,0.09504,178.338
1.165,0.09504,187.553
1.166,0.09504,196.768
1.167,0.09504,205.984
1.168,0.09504,215.199
1.169,0.09306,225.043
1.17,0.0924,233.944
1.171,0.0924,242.74
1.172,0.08976,251.432
1.173,0.00396,259.391
1.174,0,260.124
1.175,-0.0033,258.344
1.176,-0.00726,256.249
1.177,-0.01122,253.317
1.178,-0.01782,249.652
1.179,-0.02838,244.835
1.18,-0.03564,238.866
1.181,-0.03696,232.164
1.182,-0.04488,225.357
1.183,-0.05214,218.027
1.184,-0.05676,209.544
1.185,-0.066,200.538
1.186,-0.06798,191.009
1.187,-0.06996,179.385
1.188,-0.07194,167.761
1.189,-0.07392,156.137
1.19,-0.0759,144.513
1.191,-0.07788,132.889
1.192,-0.07986,121.265
1.193,-0.07986,109.537
1.194,-0.07722,97.0752
1.195,-0.08052,85.1372
1.196,-0.08316,73.1991
1.197,-0.10032,60.9469
1.198,-0.099,46.705
1.199,-0.09834,32.4631
1.2,-0.09768,18.0118
1.201,-0.09834,4.18879
1.202,-0.09834,-9.73894
1.203,-0.09768,-22.7242
1.204,-0.09702,-34.6622
1.205,-0.09768,-47.2286
1.206,-0.09636,-58.6431
1.207,-0.0924,-69.5339
1.208,-0.08844,-80.3201
1.209,-0.08448,-90.3731
1.21,-0.08448,-99.1696
1.211,-0.07656,-107.024
1.212,-0.06336,-116.344
1.213,-0.06798,-122.627
1.214,-0.06204,-128.701
1.215,-0.05544,-134.46
1.216,-0.05346,-139.696
1.217,-0.0462,-144.932
1.218,-0.04224,-148.807
1.219,-0.03894,-150.482
1.22,-0.03564,-152.053
1.221,-0.03036,-156.137
1.222,-0.02772,-157.184
1.223,-0.02508,-158.232
1.224,-0.0231,-157.708
1.225,-0.02112,-157.184
1.226,-0.01914,-156.661
1.227,-0.01716,-156.137
1.228,-0.01518,-155.614
1.229,-0.0132,-155.09
1.23,-0.01122,-154.566
1.231,-0.00924,-154.043
1.232,-0.00726,-153.519
1.233,-0.00792,-153.414
1.234,-0.00726,-152.577
1.235,-0.00462,-151.739
1.236,-0.00396,-150.901
1.237,0.02376,-147.76
1.238,0.05082,-144.618
1.239,0.06336,-136.869
1.24,0.06732,-127.339
1.241,0.0825,-117.391
1.242,0.08514,-105.139
1.243,0.08844,-91.9439
1.244,0.09504,-79.1681
1.245,0.09504,-79.1681
1.246,0.09504,-51.1032
1.247,0.09438,-37.4897
1.248,0.0957,-23.7714
1.249,0.09702,-10.0531
1.25,0.099,3.66519
1.251,0.09966,17.0693
1.252,0.10032,29.8451
1.253,0.099,42.9351
1.254,0.099,54.8732
1.255,0.099,66.8112
1.256,0.099,78.7493
1.257,0.099,90.6873
1.258,0.09768,102.416
1.259,0.09636,113.83
1.26,0.09504,125.14
1.261,0.0858,134.565
1.262,0.07722,143.885
1.263,0.0693,151.32
1.264,0.06138,158.755
1.265,0.05346,166.19
1.266,0.04884,171.322
1.267,0.04422,176.453
1.268,0.04026,181.584
1.269,0.03828,185.04
1.27,0.03366,187.344
1.271,0.02112,190.276
1.272,0.01518,191.114
1.273,0.0099,190.59
1.274,0.00594,189.857
1.275,0.0033,188.705
1.276,-0.00132,187.239
1.277,-0.00594,185.04
1.278,-0.0099,182.841
1.279,-0.0099,180.118
1.28,-0.01848,176.976
1.281,-0.033,172.683
1.282,-0.04158,167.133
1.283,-0.0495,160.431
1.284,-0.05808,152.577
1.285,-0.06402,143.466
1.286,-0.07194,132.994
1.287,-0.0759,121.684
1.288,-0.0825,109.956
1.289,-0.0858,99.2743
1.29,-0.08844,84.1947
1.291,-0.09306,70.4764
1.292,-0.09636,56.9675
1.293,-0.099,43.1445
1.294,-0.10032,29.4263
1.295,-0.10032,15.2891
1.296,-0.10164,1.5708
1.297,-0.1023,-11.8333
1.298,-0.10296,-25.1327
1.299,-0.10428,-37.8038
1.3,-0.10494,-50.4749
1.301,-0.10428,-62.8319
1.302,-0.10098,-75.1888
1.303,-0.0957,-87.0221
1.304,-0.0957,-97.913
1.305,-0.09306,-109.013
1.306,-0.08514,-118.857
1.307,-0.08316,-127.653
1.308,-0.07854,-135.088
1.309,-0.07392,-142.942
1.31,-0.0693,-150.796
1.311,-0.06666,-157.184
1.312,-0.06468,-163.468
1.313,-0.06402,-169.751
1.314,-0.05478,-175.406
1.315,-0.03696,-180.013
1.316,-0.03102,-182.841
1.317,-0.02442,-184.935
1.318,-0.02574,-186.087
1.319,-0.01188,-187.134
1.32,-0.0066,-186.925
1.321,-0.00792,-186.087
1.322,-0.00396,-184.726
1.323,0,-183.469
1.324,0.00198,-181.375
1.325,0.00396,-179.385
1.326,0.0165,-177.081
1.327,0.03762,-172.578
1.328,0.04422,-165.876
1.329,0.05016,-159.279
1.33,0.06138,-151.529
1.331,0.06732,-142.209
1.332,0.07656,-132.47
1.333,0.07392,-121.475
1.334,0.0858,-110.27
1.335,0.09174,-98.1224
1.336,0.09306,-84.2994
1.337,0.09504,-70.3717
1.338,0.09768,-56.1298
1.339,0.1023,-42.2021
1.34,0.10362,-27.5413
1.341,0.1023,-12.8805
1.342,0.10296,1.5708
1.343,0.10362,15.3938
1.344,0.10494,29.1121
1.345,0.10362,42.5162
1.346,0.10098,54.9779
1.347,0.09834,67.4395
1.348,0.09636,79.7965
1.349,0.09702,91.4203
1.35,0.09834,102.73
1.351,0.09108,113.411
1.352,0.08448,123.255
1.353,0.08118,132.261
1.354,0.07326,140.639
1.355,0.07128,148.388
1.356,0.06138,155.509
1.357,0.05544,161.478
1.358,0.05016,167.447
1.359,0.04422,171.95
1.36,0.02112,175.301
1.361,0.02178,176.243
1.362,0.01518,177.186
1.363,0.01122,177.5
1.364,0.00726,176.662
1.365,0.00264,175.301
1.366,-0.00132,173.521
1.367,-0.00594,170.798
1.368,-0.01056,168.075
1.369,-0.01518,165.352
1.37,-0.01848,162.525
1.371,-0.0198,158.441
1.372,-0.02112,154.462
1.373,-0.02904,149.749
1.374,-0.03894,144.409
1.375,-0.06072,137.811
1.376,-0.08448,128.91
1.377,-0.0825,117.077
1.378,-0.09108,104.301
1.379,-0.09768,91.1062
1.38,-0.10296,76.6549
1.381,-0.09768,61.2611
1.382,-0.10032,46.4956
1.383,-0.10098,31.9395
1.384,-0.1023,17.5929
1.385,-0.10428,3.45575
1.386,-0.10494,-10.5767
1.387,-0.10296,-23.8761
1.388,-0.10164,-37.1755
1.389,-0.10098,-50.056
1.39,-0.10098,-62.7271
1.391,-0.09504,-74.8746
1.392,-0.09108,-86.3938
1.393,-0.08382,-96.8658
1.394,-0.0792,-106.186
1.395,-0.07722,-114.668
1.396,-0.06732,-122.522
1.397,-0.06006,-129.434
1.398,-0.05676,-135.403
1.399,-0.04686,-140.848
1.4,-0.04224,-145.037
1.401,-0.04224,-148.178
1.402,-0.03432,-150.901
1.403,-0.02706,-153.31
1.404,-0.0198,-155.09
1.405,-0.0132,-155.718
1.406,-0.00792,-155.718
1.407,-0.0033,-154.776
1.408,0.00066,-153.938
1.409,0.00462,-152.681
1.41,0.01254,-150.378
1.411,0.0264,-147.027
1.412,0.04026,-142.419
1.413,0.0495,-135.822
1.414,0.06072,-127.968
1.415,0.07062,-120.428
1.416,0.0759,-107.233
1.417,0.08514,-95.9233
1.418,0.09108,-83.2522
1.419,0.09174,-70.267
1.42,0.09438,-56.8628
1.421,0.10032,-43.7729
1.422,0.10428,-30.264
1.423,0.10692,-15.9174
1.424,0.10692,-1.36136
1.425,0.10692,12.6711
1.426,0.1056,26.0752
1.427,0.10494,39.4793
1.428,0.10362,51.941
1.429,0.1023,64.4026
1.43,0.10098,76.7596
1.431,0.10362,89.1165
1.432,0.099,101.473
1.433,0.08712,110.479
1.434,0.08514,124.198
1.435,0.07326,133.518
1.436,0.07128,141.372
1.437,0.06468,148.388
1.438,0.05874,155.299
1.439,0.05412,161.687
1.44,0.04092,165.457
1.441,0.02838,169.227
1.442,0.0297,170.903
1.443,0.03036,172.473
1.444,0.02178,174.149
1.445,0.00792,175.301
1.446,0,174.882
1.447,-0.00396,173.521
1.448,-0.01122,171.322
1.449,-0.01914,168.18
1.45,-0.03234,164.305
1.451,-0.03366,159.069
1.452,-0.04554,153.205
1.453,-0.05016,143.047
1.454,-0.05478,132.889
1.455,-0.0594,122.732
1.456,-0.06402,112.574
1.457,-0.06864,102.416
1.458,-0.0726,92.2581
1.459,-0.07326,80.5295
1.46,-0.08316,69.4292
1.461,-0.10824,57.7006
1.462,-0.10758,42.7257
1.463,-0.1056,27.5413
1.464,-0.1056,12.8805
1.465,-0.1056,-1.67552
1.466,-0.10494,-15.708
1.467,-0.10428,-29.1121
1.468,-0.09768,-41.7832
1.469,-0.09504,-53.4071
1.47,-0.0924,-65.031
1.471,-0.08976,-75.6077
1.472,-0.08382,-86.2891
1.473,-0.07062,-95.3997
1.474,-0.05676,-104.091
1.475,-0.05544,-110.06
1.476,-0.0462,-115.506
1.477,-0.04092,-120.218
1.478,-0.03102,-123.046
1.479,-0.02376,-125.768
1.48,-0.0165,-127.025
1.481,-0.0099,-127.339
1.482,-0.00462,-126.92
1.483,0,-125.873
1.484,0,-124.617
1.485,0.00462,-123.046
1.486,0.02046,-120.847
1.487,0.0231,-116.553
1.488,0.03366,-110.689
1.489,0.04422,-104.824
1.49,0.05544,-99.0649
1.491,0.05808,-90.8967
1.492,0.07062,-81.2625
1.493,0.08316,-71.6283
1.494,0.08646,-58.9572
1.495,0.08976,-46.2861
1.496,0.09306,-33.615
1.497,0.0957,-20.8392
1.498,0.0957,-7.85398
1.499,0.09834,5.02655
1.5,0.10098,17.8024
1.501,0.11022,30.6829
1.502,0.1089,43.9823
1.503,0.10692,56.9675
1.504,0.10296,70.5811
1.505,0.10164,83.0428
1.506,0.09306,95.5044
1.507,0.08844,105.872
1.508,0.08382,116.134
1.509,0.08052,125.559
1.51,0.07722,134.984
1.511,0.07392,143.676
1.512,0.05544,151.634
1.513,0.03564,156.975
1.514,0.02772,160.221
1.515,0.02046,162.525
1.516,0.01386,163.572
1.517,0.00726,163.782
1.518,0.00198,162.734
1.519,-0.00198,161.478
1.52,-0.0066,159.907
1.521,-0.01056,157.813
1.522,-0.01914,154.357
1.523,-0.033,150.063
1.524,-0.04224,144.304
1.525,-0.05544,137.288
1.526,-0.06534,128.282
1.527,-0.07524,117.705
1.528,-0.08514,107.128
1.529,-0.0891,94.4572
1.53,-0.09702,81.7861
1.531,-0.10428,68.1726
1.532,-0.1056,53.5118
1.533,-0.10626,38.3274
1.534,-0.1056,23.2478
1.535,-0.10626,8.16814
1.536,-0.1056,-6.49262
1.537,-0.10362,-20.6298
1.538,-0.10098,-33.9292
1.539,-0.09768,-46.705
1.54,-0.09504,-58.3289
1.541,-0.09636,-69.4292
1.542,-0.08844,-80.2153
1.543,-0.08184,-89.7448
1.544,-0.07524,-99.0649
1.545,-0.06798,-107.128
1.546,-0.05676,-114.459
1.547,-0.04884,-119.904
1.548,-0.04158,-125.245
1.549,-0.03036,-128.805
1.55,-0.0264,-130.9
1.551,-0.02244,-132.889
1.552,-0.00726,-134.041
1.553,-0.00264,-134.146
1.554,0.0033,-132.261
1.555,0.00858,-130.481
1.556,0.01914,-128.177
1.557,0.03234,-122.732
1.558,0.04554,-117.286
1.559,0.05742,-109.118
1.56,0.06864,-100.95
1.561,0.07062,-90.8967
1.562,0.08976,-80.3201
1.563,0.09768,-67.8584
1.564,0.1023,-54.1401
1.565,0.10626,-40.0029
1.566,0.1089,-25.5516
1.567,0.11022,-10.8909
1.568,0.11022,3.76991
1.569,0.1089,18.1165
1.57,0.10626,31.7301
1.571,0.10494,45.1342
1.572,0.10296,58.0147
1.573,0.10098,70.7906
1.574,0.09636,82.938
1.575,0.08778,94.6667
1.576,0.07986,105.139
1.577,0.07326,114.354
1.578,0.06666,123.465
1.579,0.05676,129.748
1.58,0.04752,135.926
1.581,0.04686,140.429
1.582,0.02706,144.827
1.583,0.00924,146.922
1.584,0.00462,147.341
1.585,-0.00066,145.979
1.586,-0.00726,143.99
1.587,-0.01716,141.058
1.588,-0.02706,138.125
1.589,-0.03036,132.889
1.59,-0.04488,127.235
1.591,-0.04752,119.904
1.592,-0.05742,112.678
1.593,-0.07986,104.301
1.594,-0.08646,92.8864
1.595,-0.0924,79.6917
1.596,-0.09834,66.497
1.597,-0.10362,51.941
1.598,-0.10824,37.385
1.599,-0.10692,21.9911
1.6,-0.10692,7.74926
1.601,-0.10692,-6.49262
1.602,-0.10692,-20.7345
1.603,-0.10692,-34.9764
1.604,-0.10692,-49.2183
1.605,-0.10692,-63.4602
1.606,-0.10824,-77.4926
1.607,-0.10956,-90.1637
1.608,-0.11088,-102.835
1.609,-0.10626,-115.296
1.61,-0.05742,-126.606
1.611,-0.03762,-133.413
1.612,-0.02772,-136.869
1.613,-0.01914,-139.277
1.614,-0.01122,-140.324
1.615,-0.00528,-140.01
1.616,0,-139.277
1.617,0.0033,-137.183
1.618,0.0066,-135.193
1.619,0.00924,-129.434
1.62,0.01188,-123.674
1.621,0.01452,-117.914
1.622,0.01716,-112.155
1.623,0.0198,-106.395
1.624,0.02244,-100.636
1.625,0.02508,-94.8761
1.626,0.02772,-89.1165
1.627,0.03036,-83.3569
1.628,0.033,-77.5973
1.629,0.03564,-71.8378
1.63,0.03828,-66.0782
1.631,0.04026,-59.795
1.632,0.0462,-52.7788
1.633,0.05214,-45.7625
1.634,0.05808,-38.7463
1.635,0.06402,-31.6254
1.636,0.0627,-22.0959
1.637,0.06204,-12.5664
1.638,0.10692,-2.93215
1.639,0.07458,10.3673
1.64,0.05082,21.7817
1.641,0.05214,29.1121
1.642,0.04224,35.1858
1.643,0.03102,40.736
1.644,0.02046,44.1917
1.645,0.0132,45.6578
1.646,0.00528,46.6003
1.647,-0.00264,45.8673
1.648,-0.01056,45.2389
1.649,-0.02046,42.5162
1.65,-0.03036,39.8982
1.651,-0.033,34.8717
1.652,-0.05874,29.4263
1.653,-0.08118,21.3628
1.654,-0.09042,10.472
1.655,-0.09768,-2.30383
1.656,-0.10494,-15.0796
1.657,-0.11022,-28.9027
1.658,-0.11418,-43.1445
1.659,-0.11616,-57.3864
1.66,-0.11352,-71.733
1.661,-0.11154,-85.7655
1.662,-0.11154,-99.6932
1.663,-0.1122,-113.202
1.664,-0.10494,-126.083
1.665,-0.09108,-137.078
1.666,-0.0858,-147.445
1.667,-0.07524,-156.347
1.668,-0.06798,-164.096
1.669,-0.05346,-170.588
1.67,-0.04554,-175.72
1.671,-0.04356,-179.804
1.672,-0.03564,-183.469
1.673,-0.02112,-186.192
1.674,-0.01188,-187.448
1.675,-0.00594,-187.239
1.676,0,-186.401
1.677,0.00924,-183.783
1.678,0.01782,-181.165
1.679,0.0297,-177.186
1.68,0.0363,-171.74
1.681,0.05082,-165.562
1.682,0.0759,-158.022
1.683,0.08646,-147.236
1.684,0.09834,-134.984
1.685,0.10164,-120.742
1.686,0.10824,-105.558
1.687,0.1089,-89.4307
1.688,0.10956,-73.3038
1.689,0.1089,-57.4911
1.69,0.10824,-41.6785
1.691,0.11022,-26.7035
1.692,0.10428,-11.7286
1.693,0.09042,2.19911
1.694,0.08184,14.1372
1.695,0.07194,24.295
1.696,0.06204,32.9867
1.697,0.05016,40.4218
1.698,0.03828,46.705
1.699,0.0297,51.208
1.7,0.01914,54.559
1.701,0.02046,56.2345
1.702,0.01056,57.5959
1.703,0.00396,58.3289
1.704,-0.0033,58.1195
1.705,-0.01386,56.9675
1.706,-0.02574,54.7684
1.707,-0.04026,49.6372
1.708,-0.05412,44.5059
1.709,-0.0693,36.0236
1.71,-0.07986,26.2847
1.711,-0.09834,14.6608
1.712,-0.1056,1.25664
1.713,-0.11088,-13.2994
1.714,-0.11418,-28.2743
1.715,-0.1155,-43.0398
1.716,-0.11616,-58.1195
1.717,-0.11088,-72.0472
1.718,-0.1056,-85.9749
1.719,-0.10032,-99.9026
1.72,-0.09966,-111.317
1.721,-0.099,-122.732
1.722,-0.09834,-134.146
1.723,-0.09768,-145.56
1.724,-0.09702,-156.975
1.725,-0.09966,-166.923
1.726,-0.0891,-177.186
1.727,-0.07854,-186.611
1.728,-0.06798,-195.931
1.729,-0.0165,-202.423
1.73,-0.00132,-203.575
1.731,0.01122,-201.586
1.732,0.02442,-198.234
1.733,0.0429,-193.313
1.734,0.05676,-186.925
1.735,0.07326,-178.338
1.736,0.0858,-167.342
1.737,0.09504,-154.776
1.738,0.10362,-141.058
1.739,0.10758,-125.454
1.74,0.11088,-109.851
1.741,0.11352,-93.7242
1.742,0.11616,-77.7021
1.743,0.11022,-61.3658
1.744,0.10428,-45.7625
1.745,0.099,-30.1593
1.746,0.09636,-16.2316
1.747,0.09438,-2.30383
1.748,0.09504,10.2625
1.749,0.0792,21.3628
1.75,0.06336,32.3584
1.751,0.06534,40.0029
1.752,0.04026,47.8569
1.753,0.01782,52.674
1.754,0.00858,54.3496
1.755,0.00066,54.3496
1.756,-0.00726,52.9882
1.757,-0.02046,51.3127
1.758,-0.03366,47.9616
1.759,-0.0495,42.9351
1.76,-0.066,36.0236
1.761,-0.06864,26.5988
1.762,-0.08118,16.6504
1.763,-0.09174,5.23599
1.764,-0.10032,-7.9587
1.765,-0.1089,-21.0487
1.766,-0.11484,-35.2906
1.767,-0.11418,-49.7419
1.768,-0.11418,-64.1932
1.769,-0.11286,-78.5398
1.77,-0.11154,-92.7817
1.771,-0.10164,-106.709
1.772,-0.08778,-119.59
1.773,-0.08118,-130.062
1.774,-0.0726,-138.858
1.775,-0.05676,-146.398
1.776,-0.06072,-152.053
1.777,-0.03234,-157.813
1.778,-0.02046,-160.85
1.779,-0.01122,-161.268
1.78,-0.00264,-161.583
1.781,-0.00132,-160.326
1.782,0.00396,-158.546
1.783,0.02574,-156.451
1.784,0.04422,-151.844
1.785,0.06072,-143.676
1.786,0.07722,-135.612
1.787,0.08976,-123.465
1.788,0.10164,-111.317
1.789,0.099,-96.4469
1.79,0.10032,-81.2625
1.791,0.10494,-66.9159
1.792,0.11484,-51.4174
1.793,0.11418,-35.0811
1.794,0.11088,-18.7448
1.795,0.10626,-3.45575
1.796,0.10032,11.3097
1.797,0.09306,24.0855
1.798,0.0858,36.7566
1.799,0.0759,47.438
1.8,0.06336,56.8628
1.801,0.033,63.9838
1.802,0.02112,68.4867
1.803,0.01056,70.4764
1.804,0.00396,71.4189
1.805,-0.00462,71
1.806,-0.0165,68.6962
1.807,-0.03036,65.2404
1.808,-0.04752,60.3186
1.809,-0.06402,53.0929
1.81,-0.08052,43.7729
1.811,-0.08184,32.4631
1.812,-0.0924,19.8968
1.813,-0.10824,7.01622
1.814,-0.1089,-7.53982
1.815,-0.11418,-22.41
1.816,-0.11748,-37.6991
1.817,-0.11616,-52.674
1.818,-0.11484,-67.649
1.819,-0.10758,-82.205
1.82,-0.1023,-95.5044
1.821,-0.08712,-108.176
1.822,-0.07326,-118.752
1.823,-0.05676,-126.92
1.824,-0.04554,-134.041
1.825,-0.04554,-138.754
1.826,-0.0198,-142.733
1.827,-0.00792,-143.571
1.828,-0.00132,-142.419
1.829,-0.00066,-140.639
1.83,0.00792,-138.544
1.831,0.02376,-134.46
1.832,0.03894,-130.376
1.833,0.05016,-122.417
1.834,0.06072,-114.563
1.835,0.07656,-106.291
1.836,0.08976,-92.9911
1.837,0.10296,-79.6917
1.838,0.11616,-66.3923
1.839,0.11484,-49.9513
1.84,0.11352,-33.5103
1.841,0.11418,-17.4882
1.842,0.10824,-1.36136
1.843,0.0924,14.1372
1.844,0.08184,26.7035
1.845,0.07128,37.5944
1.846,0.05808,46.4956
1.847,0.04422,53.5118
1.848,0.0297,58.4336
1.849,0.0165,60.9469
1.85,0.00792,62.0988
1.851,0.00726,62.413
1.852,-0.01122,61.9941
1.853,-0.01386,59.4808
1.854,-0.02838,56.1298
1.855,-0.05808,51.4174
1.856,-0.06336,43.4587
1.857,-0.09174,34.1386
1.858,-0.09504,21.9911
1.859,-0.10692,8.37758
1.86,-0.1188,-5.13127
1.861,-0.11748,-20.3156
1.862,-0.11814,-35.6047
1.863,-0.11352,-50.4749
1.864,-0.10824,-64.9262
1.865,-0.09966,-78.6445
1.866,-0.09174,-91.5251
1.867,-0.07656,-103.044
1.868,-0.06204,-112.469
1.869,-0.05082,-120.009
1.87,-0.03366,-125.35
1.871,-0.01914,-127.863
1.872,-0.00726,-129.015
1.873,0,-128.491
1.874,0.00726,-127.549
1.875,0.02112,-124.931
1.876,0.04158,-120.532
1.877,0.06072,-113.516
1.878,0.06534,-104.51
1.879,0.09108,-94.0383
1.88,0.10428,-81.5767
1.881,0.10494,-67.0206
1.882,0.11286,-52.1504
1.883,0.1155,-36.0236
1.884,0.1155,-19.792
1.885,0.11484,-3.66519
1.886,0.11088,12.0428
1.887,0.10428,26.2847
1.888,0.09768,40.5265
1.889,0.08844,52.9882
1.89,0.07788,60.0044
1.891,0.06732,67.0206
1.892,0.05676,74.0369
1.893,0.04554,81.0531
1.894,0.04686,85.8702
1.895,0.04752,90.6873
1.896,0.02244,94.7714
1.897,-0.00264,98.8554
1.898,-0.02706,97.913
1.899,-0.04884,92.9911
1.9,-0.05214,85.4513
1.901,-0.09702,77.0737
1.902,-0.1089,64.1932
1.903,-0.11352,48.3805
1.904,-0.11484,32.5678
1.905,-0.11484,16.3363
1.906,-0.11286,0.628319
1.907,-0.10758,-14.4513
1.908,-0.10164,-27.2271
1.909,-0.0957,-40.0029
1.91,-0.0891,-52.8835
1.911,-0.0924,-63.4602
1.912,-0.07788,-74.5605
1.913,-0.05214,-81.9956
1.914,-0.02706,-89.4307
1.915,-0.01518,-91.3156
1.916,-0.00396,-93.0959
1.917,0.00462,-92.0487
1.918,0.01716,-90.1637
1.919,0.03696,-87.0221
1.92,0.05808,-81.2625
1.921,0.08646,-72.8849
1.922,0.1023,-61.1563
1.923,0.11286,-47.3333
1.924,0.12012,-31.8348
1.925,0.12144,-15.708
1.926,0.12078,0.942478
1.927,0.11748,16.2316
1.928,0.11418,31.5206
1.929,0.10692,45.8673
1.93,0.09372,58.7478
1.931,0.066,70.267
1.932,0.05082,78.6445
1.933,0.03564,84.823
1.934,0.01848,88.5929
1.935,0.00594,90.3731
1.936,-0.00132,90.792
1.937,-0.01188,89.5354
1.938,-0.04686,86.4985
1.939,-0.05214,79.7965
1.94,-0.06336,70.7906
1.941,-0.07458,61.8894
1.942,-0.0891,50.8938
1.943,-0.0891,38.4322
1.944,-0.10032,25.7611
1.945,-0.11682,11.8333
1.946,-0.12078,-3.66519
1.947,-0.11814,-19.5826
1.948,-0.1155,-35.5
1.949,-0.10692,-49.8466
1.95,-0.099,-64.1932
1.951,-0.09834,-76.4454
1.952,-0.06798,-88.174
1.953,-0.05214,-96.7611
1.954,-0.03498,-101.578
1.955,-0.01848,-106.291
1.956,-0.00858,-106.814
1.957,0.00132,-107.338
1.958,0.01518,-106.186
1.959,0.033,-103.358
1.96,0.03696,-98.9602
1.961,0.0594,-92.7817
1.962,0.0924,-84.09
1.963,0.10494,-71.1047
1.964,0.11484,-56.5487
1.965,0.12144,-40.5265
1.966,0.12342,-23.8761
1.967,0.11814,-7.4351
1.968,0.11352,9.0059
1.969,0.10362,23.8761
1.97,0.09174,36.9661
1.971,0.05676,46.2861
1.972,0.02178,55.5015
1.973,0.0231,57.91
1.974,0.02442,60.1091
1.975,0.01122,62.413
1.976,-0.00924,63.2507
1.977,-0.02706,61.2611
1.978,-0.04752,56.4439
1.979,-0.06732,49.323
1.98,-0.08778,39.7935
1.981,-0.09108,27.7507
1.982,-0.10428,15.0796
1.983,-0.11616,1.25664
1.984,-0.12078,-13.9277
1.985,-0.12276,-29.6357
1.986,-0.11814,-45.0295
1.987,-0.11154,-59.8997
1.988,-0.10494,-74.6652
1.989,-0.09438,-88.2788
1.99,-0.07854,-99.7979
1.991,-0.0396,-109.118
1.992,-0.02112,-114.459
1.993,-0.00858,-116.448
1.994,0.00066,-115.715
1.995,0.01122,-114.04
1.996,0.03036,-111.003
1.997,0.05346,-105.348
1.998,0.05478,-97.0752
1.999,0.07524,-86.1844
2,0.0957,-75.3982
2.001,0.10362,-61.2611
2.002,0.11286,-46.1814
2.003,0.12144,-31.1018
2.004,0.11418,-15.3938
2.005,0.10692,0.314159
2.006,0.10032,15.9174
2.007,0.09966,28.6932
2.008,0.099,41.3643
2.009,0.08712,53.5118
2.01,0.08844,64.9262
2.011,0.05478,75.0841
2.012,0.04158,75.9218
2.013,0.02838,76.7596
2.014,0.01518,77.5973
2.015,0.00198,78.4351
2.016,-0.01056,79.3776
2.017,-0.01254,76.5501
2.018,-0.0429,72.7802
2.019,-0.07326,69.0103
2.02,-0.10362,65.2404
2.021,-0.10626,52.2552
2.022,-0.12342,36.5472
2.023,-0.11286,19.4779
2.024,-0.10098,3.14159
2.025,-0.08778,-11.3097
2.026,-0.07656,-20.944
2.027,-0.06534,-30.5782
2.028,-0.05412,-40.1077
2.029,-0.0561,-46.8097
2.03,-0.05808,-53.4071
2.031,-0.04422,-54.4543
2.032,-0.03036,-55.5015
2.033,-0.0165,-56.5487
2.034,-0.00264,-57.5959
2.035,0.01122,-58.8525
2.036,0.0297,-55.8156
2.037,0.04752,-52.7788
2.038,0.08118,-45.3437
2.039,0.11418,-37.9086
2.04,0.11814,-23.3525
2.041,0.11946,-6.80678
2.042,0.12012,9.63422
2.043,0.11484,25.2375
2.044,0.11022,40.8407
2.045,0.08382,54.8732
2.046,0.08448,66.497
2.047,0.04686,74.9793
2.048,0.00924,83.3569
2.049,0.00066,82.3097
2.05,-0.00792,81.2625
2.051,-0.01716,80.1106
2.052,-0.0198,76.7596
2.053,-0.02178,73.4085
2.054,-0.0627,68.8009
2.055,-0.08976,59.5855
2.056,-0.11616,50.3702
2.057,-0.11814,34.1386
2.058,-0.12012,17.9071
2.059,-0.10692,1.0472
2.06,-0.09108,-13.823
2.061,-0.0726,-26.2847
2.062,-0.05214,-35.6047
2.063,-0.03036,-42.0973
2.064,-0.0132,-45.5531
2.065,-0.00066,-46.8097
2.066,0.0132,-46.0767
2.067,0.03432,-42.8304
2.068,0.05544,-39.6888
2.069,0.06006,-32.2537
2.07,0.06204,-23.6667
2.071,0.07986,-12.6711
2.072,0.09768,-1.67552
2.073,0.1155,9.32006
2.074,0.12012,24.1903
2.075,0.12408,39.0605
2.076,0.11682,53.9307
2.077,0.10296,67.7537
2.078,0.08976,81.5767
2.079,0.07128,91.7345
2.08,0.0528,101.892
2.081,0.04818,103.987
2.082,0.04356,106.081
2.083,0.03894,108.176
2.084,0.03432,110.27
2.085,0.0297,112.364
2.086,0.02508,114.459
2.087,0.02046,116.553
2.088,0.01518,118.229
2.089,0.0165,118.752
2.09,-0.00792,118.962
2.091,-0.01056,117.286
2.092,-0.05808,109.327
2.093,-0.1056,101.473
2.094,-0.0924,85.1372
2.095,-0.07854,71.2094
2.096,-0.05808,58.8525
2.097,-0.03762,50.7891
2.098,-0.01782,42.8304
2.099,-0.00264,38.9557
2.1,0.01056,37.385
2.101,0.05346,38.0133
2.102,0.08052,43.2493
2.103,0.1023,52.2552
2.104,0.11616,62.0988
2.105,0.12276,78.2257
2.106,0.12342,93.3053
2.107,0.12408,108.385
2.108,0.12408,123.569
2.109,0.12408,138.021
2.11,0.11418,148.493
2.111,0.10428,158.965
2.112,0.09438,169.437
2.113,0.08448,179.909
2.114,0.07458,190.171
2.115,0.06798,197.083
2.116,0.06138,203.994
2.117,0.05478,210.906
2.118,0.0495,217.712
2.119,0.05412,222.425
2.12,-0.0132,227.137
2.121,-0.10428,224.519
2.122,-0.11748,213.628
2.123,-0.11352,194.465
2.124,-0.11022,176.767
2.125,-0.0957,160.326
2.126,-0.08382,147.655
2.127,-0.07194,134.984
2.128,-0.0594,122.313
2.129,-0.0627,112.993
2.13,-0.05148,102.94
2.131,-0.04026,92.9911
2.132,-0.01848,85.4513
2.133,-0.01782,81.3672
2.134,0.0264,77.8068
2.135,0.07854,79.2729
2.136,0.1056,87.9646
2.137,0.11814,100.112
2.138,0.12342,113.83
2.139,0.12804,128.177
2.14,0.12144,143.78
2.141,0.11088,158.546
2.142,0.09834,171.74
2.143,0.07524,182.841
2.144,0.05478,190.904
2.145,0.03036,196.559
2.146,0.0099,198.444
2.147,-0.00264,197.083
2.148,-0.01518,195.826
2.149,-0.04092,191.742
2.15,-0.06798,184.83
2.151,-0.11022,174.254
2.152,-0.11814,158.965
2.153,-0.12606,141.791
2.154,-0.12012,123.674
2.155,-0.12012,106.081
2.156,-0.11286,88.5929
2.157,-0.08184,72.9897
2.158,-0.05082,57.4911
2.159,-0.04686,53.5118
2.16,-0.0429,49.5324
2.161,-0.03894,45.5531
2.162,-0.03498,41.5737
2.163,-0.03102,37.5944
2.164,-0.02706,33.615
2.165,-0.0231,29.6357
2.166,-0.01914,25.6563
2.167,-0.01518,21.677
2.168,-0.0132,18.2212
2.169,-0.01122,17.0693
2.17,-0.00924,15.9174
2.171,-0.00726,14.7655
2.172,-0.00528,13.6136
2.173,-0.0033,12.4617
2.174,-0.00132,11.3097
2.175,0.00066,10.1578
2.176,0.00264,9.0059
2.177,0.00462,7.85398
2.178,0.00726,7.22566
2.179,0.00792,7.4351
2.18,0.00792,7.64454
2.181,0.099,8.69174
2.182,-0.09636,17.174
2.183,-0.10824,5.02655
2.184,-0.11946,-7.01622
2.185,-0.11946,-22.5147
2.186,-0.11418,-38.0133
2.187,-0.1089,-53.4071
2.188,-0.0924,-67.4395
2.189,-0.04752,-78.9587
2.19,-0.0462,-85.2419
2.191,0.0099,-89.5354
2.192,0.01254,-88.3835
2.193,0.03168,-79.4823
2.194,0.05082,-70.5811
2.195,0.06996,-61.6799
2.196,0.0891,-52.8835
2.197,0.09108,-40.6313
2.198,0.11022,-28.2743
2.199,0.12078,-13.823
2.2,0.1056,2.0944
2.201,0.09372,15.9174
2.202,0.0825,29.6357
2.203,0.0297,40.0029
2.204,0.0099,44.087
2.205,-0.00726,44.4012
2.206,-0.0264,42.8304
2.207,-0.05478,37.1755
2.208,-0.08316,31.6254
2.209,-0.1089,20.1062
2.21,-0.10758,5.55015
2.211,-0.1221,-9.11062
2.212,-0.12936,-25.028
2.213,-0.12804,-41.3643
2.214,-0.11748,-57.4911
2.215,-0.08118,-71.9425
2.216,-0.08184,-82.8333
2.217,-0.05742,-89.4307
2.218,-0.03366,-96.028
2.219,-0.01122,-98.1224
2.22,0.00198,-98.5413
2.221,0.04752,-96.8658
2.222,0.07854,-90.2684
2.223,0.1023,-79.3776
2.224,0.11814,-65.4498
2.225,0.12738,-49.323
2.226,0.12672,-31.7301
2.227,0.11616,-14.0324
2.228,0.09834,2.51327
2.229,0.07854,16.441
2.23,0.05214,27.3319
2.231,0.05412,34.3481
2.232,0.02772,40.6313
2.233,0.00726,43.6681
2.234,-0.02706,43.9823
2.235,-0.03036,39.0605
2.236,-0.06138,33.8245
2.237,-0.08712,23.7714
2.238,-0.1122,13.7183
2.239,-0.12144,-2.19911
2.24,-0.13002,-18.0118
2.241,-0.1287,-34.6622
2.242,-0.11286,-50.7891
2.243,-0.06996,-65.6593
2.244,-0.07128,-75.1888
2.245,-0.0462,-83.2522
2.246,-0.01716,-87.7552
2.247,0.01452,-88.3835
2.248,0.04356,-85.6608
2.249,0.0759,-78.7493
2.25,0.08778,-66.3923
2.251,0.099,-54.1401
2.252,0.11616,-39.8982
2.253,0.12606,-24.1903
2.254,0.12012,-7.33038
2.255,0.10164,9.0059
2.256,0.0792,22.41
2.257,0.05214,32.9867
2.258,0.02574,39.2699
2.259,0.00594,42.5162
2.26,-0.01188,42.8304
2.261,-0.01386,40.736
2.262,-0.03828,37.9086
2.263,-0.09636,32.7773
2.264,-0.10032,20.944
2.265,-0.11682,7.01622
2.266,-0.1287,-8.58702
2.267,-0.12606,-24.9233
2.268,-0.12408,-41.2596
2.269,-0.10824,-56.3392
2.27,-0.08382,-70.0575
2.271,-0.02574,-80.5295
2.272,-0.00528,-84.7183
2.273,0.00858,-84.09
2.274,0.03564,-81.5767
2.275,0.06798,-75.5029
2.276,0.09504,-65.8687
2.277,0.11748,-52.7788
2.278,0.13002,-36.6519
2.279,0.12672,-18.8496
2.28,0.12342,-1.15192
2.281,0.1221,15.3938
2.282,0.1056,30.997
2.283,0.10032,39.2699
2.284,0.09504,47.5428
2.285,0.08976,55.8156
2.286,0.08448,64.0885
2.287,0.0792,72.3614
2.288,0.07392,80.6342
2.289,0.06864,88.9071
2.29,0.06138,97.2847
2.291,0.0429,102.416
2.292,0.02442,107.547
2.293,0.00528,112.574
2.294,0.00594,112.155
2.295,-0.04752,111.422
2.296,-0.10032,110.794
2.297,-0.03762,99.5885
2.298,-0.01122,90.792
2.299,0.02376,89.8495
2.3,0.05874,88.9071
2.301,0.06666,95.0855
2.302,0.09174,103.777
2.303,0.11682,112.469
2.304,0.12276,127.025
2.305,0.1287,141.581
2.306,0.13464,156.137
2.307,0.13992,170.588
2.308,0.13332,186.296
2.309,0.11748,201.376
2.31,0.00528,214.466
2.311,-0.00792,215.409
2.312,-0.03696,212.476
2.313,-0.07062,204.727
2.314,-0.07656,193.836
2.315,-0.10164,181.584
2.316,-0.132,167.133
2.317,-0.11748,148.911
2.318,-0.11946,131.004
2.319,-0.09504,113.516
2.32,-0.06798,98.7507
2.321,-0.07062,87.441
2.322,-0.03828,77.1785
2.323,-0.01188,70.1622
2.324,0.0066,66.9159
2.325,0.03432,66.9159
2.326,0.07128,69.8481
2.327,0.09636,79.2729
2.328,0.12144,88.5929
2.329,0.13596,102.73
2.33,0.1353,119.066
2.331,0.13068,135.403
2.332,0.10362,151.215
2.333,0.07326,163.886
2.334,0.04224,172.159
2.335,0.0132,176.034
2.336,-0.00132,176.453
2.337,-0.03168,170.903
2.338,-0.06204,165.457
2.339,-0.09438,155.299
2.34,-0.11616,141.895
2.341,-0.12936,125.664
2.342,-0.11418,107.547
2.343,-0.09636,89.9543
2.344,-0.0693,75.3982
2.345,-0.03564,64.6121
2.346,-0.0099,57.91
2.347,0.00858,54.6637
2.348,0.03762,54.9779
2.349,0.07722,58.7478
2.35,0.09306,69.3245
2.351,0.1089,79.9012
2.352,0.1254,92.7817
2.353,0.1353,107.128
2.354,0.1221,122.836
2.355,0.09174,137.288
2.356,0.06534,148.388
2.357,0.06666,155.928
2.358,0.00462,162.525
2.359,-0.01122,162.944
2.36,-0.01188,160.535
2.361,-0.04554,156.451
2.362,-0.10758,149.121
2.363,-0.11286,134.67
2.364,-0.1287,120.218
2.365,-0.13002,99.379
2.366,-0.10758,80.9484
2.367,-0.07722,65.2404
2.368,-0.0429,53.4071
2.369,-0.01518,45.8673
2.37,-0.00462,42.3068
2.371,0.00528,38.851
2.372,0.03168,38.3274
2.373,0.07128,40.8407
2.374,0.1056,48.4852
2.375,0.12672,60.4233
2.376,0.1353,75.0841
2.377,0.12804,90.8967
2.378,0.12144,106.709
2.379,0.09504,121.265
2.38,0.05874,132.052
2.381,0.00132,138.44
2.382,-0.01782,138.23
2.383,-0.03762,132.47
2.384,-0.05742,126.816
2.385,-0.08976,117.705
2.386,-0.11814,105.243
2.387,-0.11748,88.2788
2.388,-0.11748,71.4189
2.389,-0.11682,54.4543
2.39,-0.0957,37.9086
2.391,-0.03234,24.1903
2.392,-0.03234,17.9071
2.393,0.01518,14.2419
2.394,0.05082,15.1844
2.395,0.0891,20.7345
2.396,0.12012,31.4159
2.397,0.13596,45.7625
2.398,0.1353,62.2035
2.399,0.11748,77.8068
2.4,0.10032,93.3053
2.401,0.10362,105.662
2.402,0.09966,110.479
2.403,0.0957,115.296
2.404,0.09174,120.114
2.405,0.08778,124.931
2.406,0.08382,129.748
2.407,0.07986,134.565
2.408,0.0759,139.382
2.409,0.07194,144.199
2.41,0.06798,149.016
2.411,0.06402,153.833
2.412,0.06006,158.65
2.413,0.0561,163.468
2.414,0.05214,168.285
2.415,0.04818,173.102
2.416,0.04752,178.338
2.417,0.04884,182.841
2.418,0.04818,187.344
2.419,0.0099,191.847
2.42,0.14256,193.208
2.421,0.1353,208.183
2.422,0.12804,223.158
2.423,0.1023,234.363
2.424,0.0693,248.395
2.425,0.00066,254.574
2.426,-0.02046,253.736
2.427,-0.06138,249.128
2.428,-0.09834,239.704
2.429,-0.12012,225.985
2.43,-0.13068,209.23
2.431,-0.12408,190.904
2.432,-0.10758,172.788
2.433,-0.07458,156.661
2.434,-0.03828,144.723
2.435,-0.00726,137.183
2.436,0.01056,134.146
2.437,0.04884,133.727
2.438,0.09108,137.288
2.439,0.10098,150.901
2.44,0.11088,164.515
2.441,0.12078,178.128
2.442,0.13068,191.742
2.443,0.13596,206.822
2.444,0.13002,221.692
2.445,0.13002,236.457
2.446,-0.00198,250.909
2.447,-0.01584,248.605
2.448,-0.0297,246.301
2.449,-0.07062,240.018
2.45,-0.10824,230.069
2.451,-0.13266,214.99
2.452,-0.11682,196.245
2.453,-0.10098,177.605
2.454,-0.08382,161.897
2.455,-0.06732,146.293
2.456,-0.0693,133.832
2.457,-0.03036,123.36
2.458,0.0132,116.972
2.459,0.05676,110.584
2.46,0.0792,117.391
2.461,0.10098,124.198
2.462,0.11154,137.916
2.463,0.1221,151.634
2.464,0.13332,165.457
2.465,0.12672,181.375
2.466,0.1122,196.559
2.467,0.05742,203.575
2.468,0.0033,210.591
2.469,-0.04884,208.811
2.47,-0.08778,201.9
2.471,-0.13068,189.019
2.472,-0.1188,170.484
2.473,-0.10758,151.948
2.474,-0.09108,135.717
2.475,-0.07524,119.59
2.476,-0.06336,114.773
2.477,-0.05148,109.956
2.478,-0.0396,105.139
2.479,-0.02772,100.322
2.48,-0.01584,95.5044
2.481,-0.00528,90.5826
2.482,-0.00594,87.8599
2.483,0.05478,85.7655
2.484,0.06666,91.3156
2.485,0.07788,96.8658
2.486,0.08118,105.139
2.487,0.00528,114.249
2.488,-0.05346,115.296
2.489,-0.09636,107.233
2.49,-0.12606,93.6195
2.491,-0.12342,76.0265
2.492,-0.12144,58.4336
2.493,-0.11946,40.736
2.494,-0.09768,24.1903
2.495,-0.06534,10.0531
2.496,-0.02508,0.418879
2.497,0.00264,-1.78024
2.498,0.03036,-3.97935
2.499,0.07326,-0.418879
2.5,0.11286,8.37758
2.501,0.1155,21.5723
2.502,0.13992,35.6047
2.503,0.12738,52.4646
2.504,0.09834,68.4867
2.505,0.05544,80.7389
2.506,0.01452,87.1268
2.507,-0.01518,86.3938
2.508,-0.04488,85.7655
2.509,-0.06402,72.9897
2.51,-0.08316,60.2139
2.511,-0.1023,47.438
2.512,-0.12012,34.8717
2.513,-0.12078,18.8496
2.514,-0.12078,2.93215
2.515,-0.13266,-12.4617
2.516,-0.06666,-21.4675
2.517,-0.00066,-30.3687
2.518,0.06732,-28.5885
2.519,0.10824,-20.6298
2.52,0.11352,-3.97935
2.521,0.1188,12.6711
2.522,0.12342,29.3215
2.523,0.12144,45.972
2.524,0.12342,61.7847
2.525,0.05478,75.1888
2.526,-0.0132,88.5929
2.527,-0.05478,83.4616
2.528,-0.0957,78.3304
2.529,-0.10098,64.7168
2.53,-0.12738,49.6372
2.531,-0.10692,36.3378
2.532,-0.06468,17.0693
2.533,-0.02376,7.12094
2.534,0.00528,2.82743
2.535,0.0066,2.51327
2.536,0.03564,9.94838
2.537,0.06468,17.3835
2.538,0.09372,24.8186
2.539,0.12342,32.0442
2.54,0.12276,47.8569
2.541,0.13926,63.2507
2.542,0.13794,80.2153
2.543,-0.00066,96.3422
2.544,-0.03564,97.913
2.545,-0.05544,84.9277
2.546,-0.07524,71.9425
2.547,-0.09504,58.9572
2.548,-0.11418,46.0767
2.549,-0.11418,29.7404
2.55,-0.12408,13.823
2.551,-0.13398,-2.0944
2.552,-0.03366,-19.059
2.553,0,-25.9705
2.554,0.1089,-25.7611
2.555,0.11682,-14.2419
2.556,0.13596,1.5708
2.557,0.13464,18.6401
2.558,0.11286,35.5
2.559,0.07722,49.6372
2.56,0.03234,58.7478
2.561,0.03498,63.0413
2.562,0.00198,66.1829
2.563,-0.03696,60.8422
2.564,-0.0759,55.5015
2.565,-0.11418,50.1608
2.566,-0.11682,34.8717
2.567,-0.10494,19.5826
2.568,-0.09306,4.29351
2.569,-0.08118,-10.9956
2.57,-0.07062,-26.1799
2.571,-0.07392,-34.6622
2.572,-0.02904,-43.5634
2.573,0.0759,-47.7522
2.574,0.10362,-36.0236
2.575,0.13068,-24.3997
2.576,0.13134,-6.9115
2.577,0.10428,10.5767
2.578,0.01584,24.3997
2.579,0.00462,18.5354
2.58,-0.0066,12.6711
2.581,-0.01782,6.80678
2.582,-0.02904,0.942478
2.583,-0.04026,-4.92183
2.584,-0.05148,-10.7861
2.585,-0.06402,-16.8599
2.586,-0.06468,-25.1327
2.587,-0.05082,-34.4528
2.588,-0.03696,-43.7729
2.589,-0.0231,-53.0929
2.59,-0.00858,-62.3083
2.591,0.02574,-62.0988
2.592,0.06006,-61.8894
2.593,0.0693,-54.9779
2.594,0.11352,-44.9248
2.595,0.07722,-30.4734
2.596,0.02706,-19.1637
2.597,-0.00462,-13.9277
2.598,-0.0495,-15.9174
2.599,-0.09438,-17.9071
2.6,-0.09768,-28.6932
2.601,-0.13068,-41.0501
2.602,-0.10164,-56.3392
2.603,-0.05478,-69.4292
2.604,-0.0099,-76.3407
2.605,0.0198,-76.8643
2.606,0.06666,-72.8849
2.607,0.11088,-63.6696
2.608,0.1353,-48.7994
2.609,0.1353,-29.9498
2.61,0.11154,-11.5192
2.611,0.06864,4.29351
2.612,0.0198,14.556
2.613,-0.0099,17.5929
2.614,-0.05478,15.9174
2.615,-0.10362,8.90118
2.616,-0.13464,-4.18879
2.617,-0.1419,-21.1534
2.618,-0.12474,-39.3746
2.619,-0.0858,-55.1873
2.62,-0.06006,-62.9366
2.621,-0.03498,-70.6858
2.622,-0.00066,-73.9321
2.623,-0.00066,-73.9321
2.624,0.03696,-72.1519
2.625,0.11946,-67.5442
2.626,0.13464,-51.208
2.627,0.11286,-32.3584
2.628,0.09108,-13.5088
2.629,0.04224,0.10472
2.63,0.0033,6.80678
2.631,-0.07722,7.85398
2.632,-0.12144,-0.733038
2.633,-0.14124,-15.8127
2.634,-0.13266,-33.0914
2.635,-0.10164,-49.323
2.636,-0.05412,-62.0988
2.637,-0.00726,-68.382
2.638,0.02508,-68.6962
2.639,0.07326,-64.4026
2.64,0.11814,-54.6637
2.641,0.12276,-39.5841
2.642,0.14124,-22.41
2.643,0.10362,-4.29351
2.644,0.10164,10.5767
2.645,0.07524,11.7286
2.646,0.04884,12.8805
2.647,0.02244,14.0324
2.648,-0.00396,15.1844
2.649,-0.0297,16.5457
2.65,-0.05676,11.6239
2.651,-0.08382,6.70206
2.652,-0.10692,-4.08407
2.653,-0.05808,-17.9071
2.654,0.02508,-26.8083
2.655,0.07722,-24.8186
2.656,0.08448,-15.8127
2.657,0.14124,-4.29351
2.658,0.13332,12.3569
2.659,0.09768,29.6357
2.66,0.04422,42.2021
2.661,0.04488,48.1711
2.662,0.00462,52.5693
2.663,-0.033,52.8835
2.664,-0.0693,41.7832
2.665,-0.1056,30.6829
2.666,-0.14124,19.6873
2.667,-0.13992,0.837758
2.668,-0.08448,-17.6976
2.669,0.00792,-29.7404
2.67,0.05346,-30.1593
2.671,0.05676,-23.2478
2.672,0.10758,-14.556
2.673,0.13992,-0.942478
2.674,0.14454,17.3835
2.675,0.12144,35.8142
2.676,0.07458,51.8363
2.677,0.0297,57.91
2.678,-0.01452,63.9838
2.679,-0.06336,61.7847
2.68,-0.11418,53.5118
2.681,-0.1386,38.9557
2.682,-0.10626,20.8392
2.683,-0.05214,5.96903
2.684,-0.0066,-2.30383
2.685,0.03168,-3.76991
2.686,0.09042,0.10472
2.687,0.13332,10.9956
2.688,0.14586,27.3319
2.689,0.12738,45.3437
2.69,0.08316,61.0516
2.691,0.02706,71.2094
2.692,-0.00726,74.8746
2.693,-0.05742,72.6755
2.694,-0.11022,66.2876
2.695,-0.13662,50.1608
2.696,-0.13398,31.5206
2.697,-0.10428,13.09
2.698,-0.0528,-1.67552
2.699,-0.00792,-9.94838
2.7,0.03036,-11.6239
2.701,0.08712,-7.4351
2.702,0.13068,3.14159
2.703,0.14322,20.0015
2.704,0.12408,38.2227
2.705,0.07986,54.4543
2.706,0.0231,65.2404
2.707,0.02508,68.8009
2.708,-0.0099,70.1622
2.709,-0.06006,67.5442
2.71,-0.10032,54.3496
2.711,-0.14058,41.1549
2.712,-0.11748,22.5147
2.713,-0.09504,3.97935
2.714,-0.0396,-9.63422
2.715,0.00396,-15.708
2.716,0.0495,-15.4985
2.717,0.09504,-5.96903
2.718,0.13992,3.56047
2.719,0.14256,21.0487
2.72,0.11352,39.3746
2.721,0.0066,52.3599
2.722,-0.03432,54.559
2.723,-0.09108,48.7994
2.724,-0.13068,36.1283
2.725,-0.14124,18.326
2.726,-0.11814,-0.942478
2.727,-0.09372,-16.7552
2.728,-0.0693,-32.4631
2.729,-0.01386,-42.3068
2.73,0.0231,-44.4012
2.731,0.1254,-41.1549
2.732,0.14454,-26.5988
2.733,0.12606,-6.70206
2.734,0.07788,9.84366
2.735,0.01782,20.944
2.736,-0.01716,23.9808
2.737,-0.07722,21.3628
2.738,-0.12672,11.4145
2.739,-0.14652,-5.13127
2.74,-0.13068,-23.9808
2.741,-0.1287,-41.1549
2.742,-0.08382,-56.8628
2.743,-0.02244,-67.4395
2.744,0.01452,-70.4764
2.745,0.06996,-67.9631
2.746,0.12474,-59.0619
2.747,0.12738,-40.8407
2.748,0.12936,-22.7242
2.749,0.08316,-4.18879
2.75,-0.0726,7.64454
2.751,-0.08184,2.19911
2.752,-0.13002,-9.11062
2.753,-0.1485,-23.8761
2.754,-0.14586,-42.3068
2.755,-0.12936,-60.0044
2.756,-0.0825,-75.8171
2.757,-0.03366,-82.5192
2.758,0.01452,-89.2212
2.759,0.07524,-85.9749
2.76,0.12474,-76.4454
2.761,0.1254,-60.2139
2.762,0.0759,-42.9351
2.763,0.01452,-30.5782
2.764,0.0165,-26.3894
2.765,-0.08184,-23.7714
2.766,-0.13068,-29.0074
2.767,-0.14256,-45.3437
2.768,-0.11814,-63.7743
2.769,-0.066,-78.2257
2.77,-0.00726,-86.1844
2.771,-0.00792,-86.708
2.772,0.03168,-85.556
2.773,0.09306,-80.9484
2.774,0.13662,-69.0103
2.775,0.10824,-50.5796
2.776,0.10362,-34.2434
2.777,0.05082,-22.9336
2.778,-0.00132,-11.6239
2.779,-0.0297,-13.823
2.78,-0.05742,-15.9174
2.781,-0.0891,-26.3894
2.782,-0.12012,-36.7566
2.783,-0.13992,-51.6268
2.784,-0.08646,-68.4867
2.785,-0.033,-85.3466
2.786,0.06732,-90.792
2.787,0.1221,-82.205
2.788,0.12474,-66.0782
2.789,0.0726,-48.2758
2.79,0.01056,-36.3378
2.791,-0.01122,-33.3009
2.792,-0.03234,-30.264
2.793,-0.09636,-32.2537
2.794,-0.12078,-44.087
2.795,-0.1452,-55.8156
2.796,-0.07194,-68.1726
2.797,0.00132,-80.4248
2.798,0.05742,-79.0634
2.799,0.11418,-70.5811
2.8,0.11946,-56.0251
2.801,0.14322,-38.6416
2.802,0.13002,-19.8968
2.803,0.07788,-1.98968
2.804,0.01452,9.5295
2.805,-0.02838,12.4617
2.806,-0.0957,8.58702
2.807,-0.12144,-6.07375
2.808,-0.14718,-20.7345
2.809,-0.09636,-36.4425
2.81,-0.0462,-52.1504
2.811,-0.0462,-58.2242
2.812,0.05412,-61.4705
2.813,0.13662,-54.7684
2.814,0.12606,-36.8614
2.815,0.0726,-18.4307
2.816,0.0099,-6.9115
2.817,-0.03696,-3.97935
2.818,-0.10692,-8.16814
2.819,-0.14718,-19.8968
2.82,-0.14586,-38.118
2.821,-0.14124,-56.2345
2.822,-0.09636,-73.1991
2.823,-0.02838,-85.2419
2.824,0.0132,-89.326
2.825,0.12738,-86.3938
2.826,0.132,-71.3142
2.827,0.11088,-51.8363
2.828,0.05016,-35.8142
2.829,-0.00198,-27.2271
2.83,-0.0594,-26.4941
2.831,-0.066,-32.6726
2.832,-0.12738,-41.469
2.833,-0.10824,-57.2817
2.834,-0.0891,-73.0944
2.835,-0.07062,-88.8024
2.836,-0.0726,-99.1696
2.837,-0.00594,-104.406
2.838,0.06072,-109.642
2.839,0.12804,-114.773
2.84,0.13266,-96.9705
2.841,0.13728,-79.1681
2.842,0.12408,-59.795
2.843,-0.033,-43.4587
2.844,-0.10758,-43.354
2.845,-0.12936,-56.5487
2.846,-0.15114,-69.6386
2.847,-0.09042,-84.4041
2.848,-0.0297,-99.1696
2.849,0.01518,-102.835
2.85,0.01782,-99.7979
2.851,0.1287,-94.9808
2.852,0.14124,-79.9012
2.853,0.10362,-60.0044
2.854,0.03366,-44.5059
2.855,-0.01518,-37.4897
2.856,-0.08448,-38.0133
2.857,-0.11616,-50.4749
2.858,-0.14784,-62.9366
2.859,-0.11088,-81.7861
2.86,-0.0429,-95.9233
2.861,0.0726,-100.95
2.862,0.1287,-92.2581
2.863,0.14256,-74.7699
2.864,0.10956,-54.8732
2.865,0.03894,-38.2227
2.866,-0.0132,-30.6829
2.867,-0.08052,-30.6829
2.868,-0.13794,-38.5369
2.869,-0.14982,-54.4543
2.87,-0.11418,-73.1991
2.871,-0.11352,-88.0693
2.872,-0.04224,-101.055
2.873,0.0099,-106.291
2.874,0.0792,-104.196
2.875,0.1353,-93.6195
2.876,0.11748,-74.5605
2.877,0.09966,-55.6062
2.878,0.03036,-39.4793
2.879,-0.01848,-33.0914
2.88,-0.02112,-34.0339
2.881,-0.09702,-36.3378
2.882,-0.1056,-46.2861
2.883,-0.02904,-58.9572
2.884,0.02244,-63.5649
2.885,0.08976,-59.6903
2.886,0.13992,-48.2758
2.887,0.1386,-30.3687
2.888,0.0858,-11.7286
2.889,0.0132,1.0472
2.89,-0.01518,0.418879
2.891,-0.04356,-0.10472
2.892,-0.11682,-6.70206
2.893,-0.1551,-19.5826
2.894,-0.13794,-38.7463
2.895,-0.12936,-32.7773
2.896,-0.12078,-26.8083
2.897,-0.1122,-20.8392
2.898,-0.10362,-14.8702
2.899,-0.09504,-8.90118
2.9,-0.08646,-2.93215
2.901,-0.07788,3.03687
2.902,-0.0693,9.0059
2.903,-0.06072,14.9749
2.904,-0.05214,20.944
2.905,-0.04356,26.913
2.906,-0.03498,32.882
2.907,-0.0264,38.851
2.908,-0.01782,44.8201
2.909,-0.00924,50.7891
2.91,-0.00066,56.7581
2.911,0.00792,62.7271
2.912,0.0165,68.6962
2.913,0.02508,74.6652
2.914,0.03366,80.6342
2.915,0.04224,86.6032
2.916,0.05082,92.5723
2.917,0.06666,98.1224
2.918,0.06864,106.081
2.919,0.07062,114.04
2.92,0.13332,120.637
2.921,0.0957,137.183
2.922,0.10758,150.063
2.923,0.02574,160.64
2.924,-0.02442,163.782
2.925,-0.10032,158.755
2.926,-0.14454,145.665
2.927,-0.12408,125.768
2.928,-0.05742,107.757
2.929,0.00396,96.9705
2.93,0.07458,95.0855
2.931,0.14058,101.997
2.932,0.1551,117.391
2.933,0.10428,135.612
2.934,0.10164,148.597
2.935,-0.0297,159.383
2.936,-0.10824,156.87
2.937,-0.14916,142.733
2.938,-0.12474,122.627
2.939,-0.05676,103.987
2.94,0.00528,93.6195
2.941,0.00594,92.0487
2.942,0.0825,92.1534
2.943,0.14916,100.322
2.944,0.1518,117.391
2.945,0.09636,135.403
2.946,0.01386,147.131
2.947,-0.05082,144.723
2.948,-0.1155,142.419
2.949,-0.11484,124.093
2.95,-0.11484,105.872
2.951,-0.1155,87.8599
2.952,-0.11682,71.5236
2.953,0.14124,56.1298
2.954,0.1518,66.7065
2.955,0.11418,85.7655
2.956,0.07656,104.72
2.957,0.00528,109.327
2.958,-0.066,113.83
2.959,-0.1353,104.406
2.96,-0.13662,86.3938
2.961,-0.13992,66.0782
2.962,-0.01452,47.0192
2.963,0.0462,41.0501
2.964,0.12672,45.8673
2.965,0.15906,60.3186
2.966,0.12408,79.4823
2.967,0.03894,94.9808
2.968,-0.0957,99.7979
2.969,-0.12012,85.9749
2.97,-0.14454,72.2566
2.971,-0.12342,52.4646
2.972,-0.05346,34.1386
2.973,-0.05214,24.1903
2.974,0.08184,17.4882
2.975,0.08118,29.1121
2.976,0.08052,40.736
2.977,0.00594,46.705
2.978,-0.06864,52.674
2.979,-0.13662,43.6681
2.98,-0.13794,25.7611
2.981,-0.14124,6.07375
2.982,-0.08646,-12.8805
2.983,-0.00858,-25.5516
2.984,0.05874,-27.7507
2.985,0.1353,-21.0487
2.986,0.1254,-19.5826
2.987,0.1155,-18.1165
2.988,0.1056,-16.6504
2.989,0.0957,-15.1844
2.99,0.0858,-13.7183
2.991,0.0759,-12.2522
2.992,0.066,-10.7861
2.993,0.0561,-9.32006
2.994,0.0462,-7.85398
2.995,0.0363,-6.38791
2.996,0.0264,-4.92183
2.997,0.0165,-3.45575
2.998,0.0066,-1.98968
2.999,0,0
